Workbook

Sheet Datos
A1: BASE DE DATOS — TIEMPOS DE FALLA DE EQUIPOS ELECTRICOS
A2: Muestra de 200 unidades con censura por la derecha (tipo I). Tiempo en horas de operacion.
A3: Datos de entrada (azul = valores observados) | H3: Resumen de la muestra
A4: ID | B4: Tipo de equipo | C4: Tiempo observado t (h) | D4: Estado d (1=Falla, 0=Censurado) | E4: ln(t) | F4: Condicion | H4: N — unidades observadas | I4: =COUNT(C5:C204) -> 200
A5: 1 | B5: Banco de capacitores | C5: 528.3 | D5: 1 | E5: =LN(C5) -> 6.2696643 | F5: =IF(D5=1,"Falla","Censurado (sigue operando)") -> Falla | H5: r — numero de fallas | I5: =SUM(D5:D204) -> 122
A6: 2 | B6: Variador de velocidad | C6: 2040 | D6: 1 | E6: =LN(C6) -> 7.6207051 | F6: =IF(D6=1,"Falla","Censurado (sigue operando)") -> Falla | H6: Unidades censuradas | I6: =I4-I5 -> 78
A7: 3 | B7: Variador de velocidad | C7: 5368.1 | D7: 1 | E7: =LN(C7) -> 8.5882293 | F7: =IF(D7=1,"Falla","Censurado (sigue operando)") -> Falla | H7: % de censura | I7: =I6/I4 -> 0.39
A8: 4 | B8: Banco de capacitores | C8: 3449.1 | D8: 1 | E8: =LN(C8) -> 8.1458686 | F8: =IF(D8=1,"Falla","Censurado (sigue operando)") -> Falla | H8: t minimo (h) | I8: =MIN(C5:C204) -> 401.7
A9: 5 | B9: Interruptor de potencia | C9: 2624.6 | D9: 0 | E9: =LN(C9) -> 7.8726838 | F9: =IF(D9=1,"Falla","Censurado (sigue operando)") -> Censurado (sigue operando) | H9: t maximo (h) | I9: =MAX(C5:C204) -> 9165.7
A10: 6 | B10: Variador de velocidad | C10: 2063.6 | D10: 1 | E10: =LN(C10) -> 7.6322073 | F10: =IF(D10=1,"Falla","Censurado (sigue operando)") -> Falla | H10: Suma de t (h) | I10: =SUM(C5:C204) -> 700388.5
A11: 7 | B11: Banco de capacitores | C11: 2968.1 | D11: 1 | E11: =LN(C11) -> 7.9956773 | F11: =IF(D11=1,"Falla","Censurado (sigue operando)") -> Falla | H11: S1 = SUM(d*ln(t)) | I11: =SUMPRODUCT($D$5:$D$204,$E$5:$E$204) -> 974.90977
A12: 8 | B12: Motor de induccion MT | C12: 3955.9 | D12: 0 | E12: =LN(C12) -> 8.2829634 | F12: =IF(D12=1,"Falla","Censurado (sigue operando)") -> Censurado (sigue operando)
A13: 9 | B13: Transformador de distribucion | C13: 3890.5 | D13: 1 | E13: =LN(C13) -> 8.266293 | F13: =IF(D13=1,"Falla","Censurado (sigue operando)") -> Falla | H13: Nota
A14: 10 | B14: Motor de induccion MT | C14: 5854 | D14: 1 | E14: =LN(C14) -> 8.6748805 | F14: =IF(D14=1,"Falla","Censurado (sigue operando)") -> Falla | H14: Una observacion censurada indica que la unidad seguia operando al cierre del estudio o fue retirada por causas ajenas a la falla. No se descarta: aporta informacion de que sobrevivio al menos t horas.
A15: 11 | B15: Motor de induccion MT | C15: 2361.4 | D15: 1 | E15: =LN(C15) -> 7.7670099 | F15: =IF(D15=1,"Falla","Censurado (sigue operando)") -> Falla
A16: 12 | B16: Banco de capacitores | C16: 4920.8 | D16: 0 | E16: =LN(C16) -> 8.5012264 | F16: =IF(D16=1,"Falla","Censurado (sigue operando)") -> Censurado (sigue operando)
A17: 13 | B17: Banco de capacitores | C17: 2338.7 | D17: 1 | E17: =LN(C17) -> 7.7573505 | F17: =IF(D17=1,"Falla","Censurado (sigue operando)") -> Falla
A18: 14 | B18: Transformador de distribucion | C18: 3224.7 | D18: 0 | E18: =LN(C18) -> 8.0785952 | F18: =IF(D18=1,"Falla","Censurado (sigue operando)") -> Censurado (sigue operando)
A19: 15 | B19: Interruptor de potencia | C19: 2587.9 | D19: 0 | E19: =LN(C19) -> 7.858602 | F19: =IF(D19=1,"Falla","Censurado (sigue operando)") -> Censurado (sigue operando)
A20: 16 | B20: Banco de capacitores | C20: 4776.7 | D20: 1 | E20: =LN(C20) -> 8.4715052 | F20: =IF(D20=1,"Falla","Censurado (sigue operando)") -> Falla
A21: 17 | B21: Transformador de distribucion | C21: 2298.2 | D21: 0 | E21: =LN(C21) -> 7.7398815 | F21: =IF(D21=1,"Falla","Censurado (sigue operando)") -> Censurado (sigue operando)
A22: 18 | B22: Variador de velocidad | C22: 2505.5 | D22: 1 | E22: =LN(C22) -> 7.8262436 | F22: =IF(D22=1,"Falla","Censurado (sigue operando)") -> Falla
A23: 19 | B23: Transformador de distribucion | C23: 941.7 | D23: 1 | E23: =LN(C23) -> 6.8476868 | F23: =IF(D23=1,"Falla","Censurado (sigue operando)") -> Falla
A24: 20 | B24: Interruptor de potencia | C24: 5202.6 | D24: 0 | E24: =LN(C24) -> 8.5569138 | F24: =IF(D24=1,"Falla","Censurado (sigue operando)") -> Censurado (sigue operando)
A25: 21 | B25: Banco de capacitores | C25: 455.5 | D25: 1 | E25: =LN(C25) -> 6.1213957 | F25: =IF(D25=1,"Falla","Censurado (sigue operando)") -> Falla
A26: 22 | B26: Motor de induccion MT | C26: 2474.1 | D26: 1 | E26: =LN(C26) -> 7.813632 | F26: =IF(D26=1,"Falla","Censurado (sigue operando)") -> Falla
... A204: 200 | B204: Transformador de distribucion | C204: 5553.6 | D204: 1 | E204: =LN(C204) -> 8.6222016 | F204: =IF(D204=1,"Falla","Censurado (sigue operando)") -> Falla

Sheet Metodo_Grafico
A1: METODO GRAFICO — PAPEL DE PROBABILIDAD WEIBULL Y REGRESION DE RANGOS
A2: Rangos medianos con ajuste de Johnson para censura. Linealizacion: ln(-ln(1-F)) = b*ln(t) - b*ln(n).
O3: Regresion por minimos cuadrados (solo fallas, mascara d)
A4: N = | B4: =COUNT(Datos!$C$5:$C$204) -> 200
A5: r = | B5: =SUM(Datos!$D$5:$D$204) -> 122 | O5: r (pares usados) | P5: =SUM($C$8:$C$207) -> 122
K6: Metodo Grafico | O6: Sx = SUM(d*x) | P6: =SUMPRODUCT($C$8:$C$207,$H$8:$H$207) -> 974.90977
A7: j (orden) | B7: t(j) ordenado (h) | C7: d | D7: n(j) = N-j+1 | E7: Incremento I(j) | F7: Rango ajustado AR(j) | G7: Rango mediano F(tj) | H7: x = ln(t) | I7: y = ln(-ln(1-F)) | K7: x (solo fallas) | L7: y (solo fallas) | M7: y ajustado | O7: Sy = SUM(d*y) | P7: =SUMPRODUCT($C$8:$C$207,$I$8:$I$207) -> -128.21331
A8: 1 | B8: =SMALL(Datos!$C$5:$C$204,A8) -> 401.7 | C8: =INDEX(Datos!$D$5:$D$204,MATCH(B8,Datos!$C$5:$C$204,0)) -> 1 | D8: =$B$4-A8+1 -> 200 | E8: =IF(C8=1,($B$4+1-0)/(1+D8),0) -> 1 | F8: =0+E8 -> 1 | G8: =IF(C8=1,(F8-0.3)/($B$4+0.4),0) -> 0.003493014 | H8: =LN(B8) -> 5.9957055 | I8: =IF(C8=1,LN(-LN(1-G8)),0) -> -5.6552413 | K8: =IF(C8=1,H8,NA()) -> 5.9957055 | L8: =IF(C8=1,I8,NA()) -> -5.6552413 | M8: =IF(C8=1,$P$12*H8+$P$13,"") -> -4.8604273 | O8: Sxy = SUM(d*x*y) | P8: =SUMPRODUCT($C$8:$C$207,$H$8:$H$207,$I$8:$I$207) -> -926.46857
A9: 2 | B9: =SMALL(Datos!$C$5:$C$204,A9) -> 449.3 | C9: =INDEX(Datos!$D$5:$D$204,MATCH(B9,Datos!$C$5:$C$204,0)) -> 1 | D9: =$B$4-A9+1 -> 199 | E9: =IF(C9=1,($B$4+1-F8)/(1+D9),0) -> 1 | F9: =F8+E9 -> 2 | G9: =IF(C9=1,(F9-0.3)/($B$4+0.4),0) -> 0.0084830339 | H9: =LN(B9) -> 6.1076908 | I9: =IF(C9=1,LN(-LN(1-G9)),0) -> -4.7654305 | K9: =IF(C9=1,H9,NA()) -> 6.1076908 | L9: =IF(C9=1,I9,NA()) -> -4.7654305 | M9: =IF(C9=1,$P$12*H9+$P$13,"") -> -4.6466272 | O9: Sxx = SUM(d*x^2) | P9: =SUMPRODUCT($C$8:$C$207,$H$8:$H$207,$H$8:$H$207) -> 7841.9453
A10: 3 | B10: =SMALL(Datos!$C$5:$C$204,A10) -> 455.5 | C10: =INDEX(Datos!$D$5:$D$204,MATCH(B10,Datos!$C$5:$C$204,0)) -> 1 | D10: =$B$4-A10+1 -> 198 | E10: =IF(C10=1,($B$4+1-F9)/(1+D10),0) -> 1 | F10: =F9+E10 -> 3 | G10: =IF(C10=1,(F10-0.3)/($B$4+0.4),0) -> 0.013473054 | H10: =LN(B10) -> 6.1213957 | I10: =IF(C10=1,LN(-LN(1-G10)),0) -> -4.3002889 | K10: =IF(C10=1,H10,NA()) -> 6.1213957 | L10: =IF(C10=1,I10,NA()) -> -4.3002889 | M10: =IF(C10=1,$P$12*H10+$P$13,"") -> -4.6204621 | O10: Syy = SUM(d*y^2) | P10: =SUMPRODUCT($C$8:$C$207,$I$8:$I$207,$I$8:$I$207) -> 323.93943
A11: 4 | B11: =SMALL(Datos!$C$5:$C$204,A11) -> 528.3 | C11: =INDEX(Datos!$D$5:$D$204,MATCH(B11,Datos!$C$5:$C$204,0)) -> 1 | D11: =$B$4-A11+1 -> 197 | E11: =IF(C11=1,($B$4+1-F10)/(1+D11),0) -> 1 | F11: =F10+E11 -> 4 | G11: =IF(C11=1,(F11-0.3)/($B$4+0.4),0) -> 0.018463074 | H11: =LN(B11) -> 6.2696643 | I11: =IF(C11=1,LN(-LN(1-G11)),0) -> -3.9826792 | K11: =IF(C11=1,H11,NA()) -> 6.2696643 | L11: =IF(C11=1,I11,NA()) -> -3.9826792 | M11: =IF(C11=1,$P$12*H11+$P$13,"") -> -4.3373906
A12: 5 | B12: =SMALL(Datos!$C$5:$C$204,A12) -> 602 | C12: =INDEX(Datos!$D$5:$D$204,MATCH(B12,Datos!$C$5:$C$204,0)) -> 1 | D12: =$B$4-A12+1 -> 196 | E12: =IF(C12=1,($B$4+1-F11)/(1+D12),0) -> 1 | F12: =F11+E12 -> 5 | G12: =IF(C12=1,(F12-0.3)/($B$4+0.4),0) -> 0.023453094 | H12: =LN(B12) -> 6.4002574 | I12: =IF(C12=1,LN(-LN(1-G12)),0) -> -3.7409101 | K12: =IF(C12=1,H12,NA()) -> 6.4002574 | L12: =IF(C12=1,I12,NA()) -> -3.7409101 | M12: =IF(C12=1,$P$12*H12+$P$13,"") -> -4.0880648 | O12: Pendiente m | P12: =($P$5*$P$8-$P$6*$P$7)/($P$5*$P$9-$P$6^2) -> 1.9091803
A13: 6 | B13: =SMALL(Datos!$C$5:$C$204,A13) -> 707.6 | C13: =INDEX(Datos!$D$5:$D$204,MATCH(B13,Datos!$C$5:$C$204,0)) -> 1 | D13: =$B$4-A13+1 -> 195 | E13: =IF(C13=1,($B$4+1-F12)/(1+D13),0) -> 1 | F13: =F12+E13 -> 6 | G13: =IF(C13=1,(F13-0.3)/($B$4+0.4),0) -> 0.028443114 | H13: =LN(B13) -> 6.561879 | I13: =IF(C13=1,LN(-LN(1-G13)),0) -> -3.5454562 | K13: =IF(C13=1,H13,NA()) -> 6.561879 | L13: =IF(C13=1,I13,NA()) -> -3.5454562 | M13: =IF(C13=1,$P$12*H13+$P$13,"") -> -3.7795002 | O13: Intercepto c | P13: =($P$7-$P$12*$P$6)/$P$5 -> -16.30731
A14: 7 | B14: =SMALL(Datos!$C$5:$C$204,A14) -> 820.7 | C14: =INDEX(Datos!$D$5:$D$204,MATCH(B14,Datos!$C$5:$C$204,0)) -> 1 | D14: =$B$4-A14+1 -> 194 | E14: =IF(C14=1,($B$4+1-F13)/(1+D14),0) -> 1 | F14: =F13+E14 -> 7 | G14: =IF(C14=1,(F14-0.3)/($B$4+0.4),0) -> 0.033433134 | H14: =LN(B14) -> 6.7101576 | I14: =IF(C14=1,LN(-LN(1-G14)),0) -> -3.3812536 | K14: =IF(C14=1,H14,NA()) -> 6.7101576 | L14: =IF(C14=1,I14,NA()) -> -3.3812536 | M14: =IF(C14=1,$P$12*H14+$P$13,"") -> -3.4964094
A15: 8 | B15: =SMALL(Datos!$C$5:$C$204,A15) -> 871.6 | C15: =INDEX(Datos!$D$5:$D$204,MATCH(B15,Datos!$C$5:$C$204,0)) -> 1 | D15: =$B$4-A15+1 -> 193 | E15: =IF(C15=1,($B$4+1-F14)/(1+D15),0) -> 1 | F15: =F14+E15 -> 8 | G15: =IF(C15=1,(F15-0.3)/($B$4+0.4),0) -> 0.038423154 | H15: =LN(B15) -> 6.7703306 | I15: =IF(C15=1,LN(-LN(1-G15)),0) -> -3.2395686 | K15: =IF(C15=1,H15,NA()) -> 6.7703306 | L15: =IF(C15=1,I15,NA()) -> -3.2395686 | M15: =IF(C15=1,$P$12*H15+$P$13,"") -> -3.3815284 | O15: BETA estimado = m | P15: =$P$12 -> 1.9091803
A16: 9 | B16: =SMALL(Datos!$C$5:$C$204,A16) -> 873.6 | C16: =INDEX(Datos!$D$5:$D$204,MATCH(B16,Datos!$C$5:$C$204,0)) -> 1 | D16: =$B$4-A16+1 -> 192 | E16: =IF(C16=1,($B$4+1-F15)/(1+D16),0) -> 1 | F16: =F15+E16 -> 9 | G16: =IF(C16=1,(F16-0.3)/($B$4+0.4),0) -> 0.043413174 | H16: =LN(B16) -> 6.7726226 | I16: =IF(C16=1,LN(-LN(1-G16)),0) -> -3.1148826 | K16: =IF(C16=1,H16,NA()) -> 6.7726226 | L16: =IF(C16=1,I16,NA()) -> -3.1148826 | M16: =IF(C16=1,$P$12*H16+$P$13,"") -> -3.3771525 | O16: ETA estimado = EXP(-c/m) (h) | P16: =EXP(-$P$13/$P$12) -> 5123.1482
A17: 10 | B17: =SMALL(Datos!$C$5:$C$204,A17) -> 941.7 | C17: =INDEX(Datos!$D$5:$D$204,MATCH(B17,Datos!$C$5:$C$204,0)) -> 1 | D17: =$B$4-A17+1 -> 191 | E17: =IF(C17=1,($B$4+1-F16)/(1+D17),0) -> 1 | F17: =F16+E17 -> 10 | G17: =IF(C17=1,(F17-0.3)/($B$4+0.4),0) -> 0.048403194 | H17: =LN(B17) -> 6.8476868 | I17: =IF(C17=1,LN(-LN(1-G17)),0) -> -3.0034851 | K17: =IF(C17=1,H17,NA()) -> 6.8476868 | L17: =IF(C17=1,I17,NA()) -> -3.0034851 | M17: =IF(C17=1,$P$12*H17+$P$13,"") -> -3.2338416
A18: 11 | B18: =SMALL(Datos!$C$5:$C$204,A18) -> 960.8 | C18: =INDEX(Datos!$D$5:$D$204,MATCH(B18,Datos!$C$5:$C$204,0)) -> 0 | D18: =$B$4-A18+1 -> 190 | E18: =IF(C18=1,($B$4+1-F17)/(1+D18),0) -> 0 | F18: =F17+E18 -> 10 | G18: =IF(C18=1,(F18-0.3)/($B$4+0.4),0) -> 0 | H18: =LN(B18) -> 6.8677663 | I18: =IF(C18=1,LN(-LN(1-G18)),0) -> 0 | K18: =IF(C18=1,H18,NA()) -> #N/A | L18: =IF(C18=1,I18,NA()) -> #N/A | M18: =IF(C18=1,$P$12*H18+$P$13,"") | O18: Coef. correlacion rho | P18: =($P$5*$P$8-$P$6*$P$7)/SQRT(($P$5*$P$9-$P$6^2)*($P$5*$P$10-$P$7^2)) -> 0.99491076
A19: 12 | B19: =SMALL(Datos!$C$5:$C$204,A19) -> 1024.2 | C19: =INDEX(Datos!$D$5:$D$204,MATCH(B19,Datos!$C$5:$C$204,0)) -> 0 | D19: =$B$4-A19+1 -> 189 | E19: =IF(C19=1,($B$4+1-F18)/(1+D19),0) -> 0 | F19: =F18+E19 -> 10 | G19: =IF(C19=1,(F19-0.3)/($B$4+0.4),0) -> 0 | H19: =LN(B19) -> 6.9316671 | I19: =IF(C19=1,LN(-LN(1-G19)),0) -> 0 | K19: =IF(C19=1,H19,NA()) -> #N/A | L19: =IF(C19=1,I19,NA()) -> #N/A | M19: =IF(C19=1,$P$12*H19+$P$13,"") | O19: R cuadrado | P19: =$P$18^2 -> 0.98984743
A20: 13 | B20: =SMALL(Datos!$C$5:$C$204,A20) -> 1073.5 | C20: =INDEX(Datos!$D$5:$D$204,MATCH(B20,Datos!$C$5:$C$204,0)) -> 0 | D20: =$B$4-A20+1 -> 188 | E20: =IF(C20=1,($B$4+1-F19)/(1+D20),0) -> 0 | F20: =F19+E20 -> 10 | G20: =IF(C20=1,(F20-0.3)/($B$4+0.4),0) -> 0 | H20: =LN(B20) -> 6.9786796 | I20: =IF(C20=1,LN(-LN(1-G20)),0) -> 0 | K20: =IF(C20=1,H20,NA()) -> #N/A | L20: =IF(C20=1,I20,NA()) -> #N/A | M20: =IF(C20=1,$P$12*H20+$P$13,"")
A21: 14 | B21: =SMALL(Datos!$C$5:$C$204,A21) -> 1077.1 | C21: =INDEX(Datos!$D$5:$D$204,MATCH(B21,Datos!$C$5:$C$204,0)) -> 1 | D21: =$B$4-A21+1 -> 187 | E21: =IF(C21=1,($B$4+1-F20)/(1+D21),0) -> 1.0159574 | F21: =F20+E21 -> 11.015957 | G21: =IF(C21=1,(F21-0.3)/($B$4+0.4),0) -> 0.053472842 | H21: =LN(B21) -> 6.9820275 | I21: =IF(C21=1,LN(-LN(1-G21)),0) -> -2.9012294 | K21: =IF(C21=1,H21,NA()) -> 6.9820275 | L21: =IF(C21=1,I21,NA()) -> -2.9012294 | M21: =IF(C21=1,$P$12*H21+$P$13,"") -> -2.9773608 | O21: MTTF = eta*GAMMA(1+1/beta) (h) | P21: =$P$16*EXP(GAMMALN(1+1/$P$15)) -> 4545.4076
A22: 15 | B22: =SMALL(Datos!$C$5:$C$204,A22) -> 1099.2 | C22: =INDEX(Datos!$D$5:$D$204,MATCH(B22,Datos!$C$5:$C$204,0)) -> 1 | D22: =$B$4-A22+1 -> 186 | E22: =IF(C22=1,($B$4+1-F21)/(1+D22),0) -> 1.0159574 | F22: =F21+E22 -> 12.031915 | G22: =IF(C22=1,(F22-0.3)/($B$4+0.4),0) -> 0.058542489 | H22: =LN(B22) -> 7.0023379 | I22: =IF(C22=1,LN(-LN(1-G22)),0) -> -2.8079911 | K22: =IF(C22=1,H22,NA()) -> 7.0023379 | L22: =IF(C22=1,I22,NA()) -> -2.8079911 | M22: =IF(C22=1,$P$12*H22+$P$13,"") -> -2.9385846 | O22: Mediana = eta*LN(2)^(1/beta) (h) | P22: =$P$16*LN(2)^(1/$P$15) -> 4228.2795
A23: 16 | B23: =SMALL(Datos!$C$5:$C$204,A23) -> 1133.3 | C23: =INDEX(Datos!$D$5:$D$204,MATCH(B23,Datos!$C$5:$C$204,0)) -> 0 | D23: =$B$4-A23+1 -> 185 | E23: =IF(C23=1,($B$4+1-F22)/(1+D23),0) -> 0 | F23: =F22+E23 -> 12.031915 | G23: =IF(C23=1,(F23-0.3)/($B$4+0.4),0) -> 0 | H23: =LN(B23) -> 7.032889 | I23: =IF(C23=1,LN(-LN(1-G23)),0) -> 0 | K23: =IF(C23=1,H23,NA()) -> #N/A | L23: =IF(C23=1,I23,NA()) -> #N/A | M23: =IF(C23=1,$P$12*H23+$P$13,"") | O23: Vida B10 = eta*(-LN(0.9))^(1/beta) | P23: =$P$16*(-LN(0.9))^(1/$P$15) -> 1576.2688
A24: 17 | B24: =SMALL(Datos!$C$5:$C$204,A24) -> 1161.6 | C24: =INDEX(Datos!$D$5:$D$204,MATCH(B24,Datos!$C$5:$C$204,0)) -> 1 | D24: =$B$4-A24+1 -> 184 | E24: =IF(C24=1,($B$4+1-F23)/(1+D24),0) -> 1.0214491 | F24: =F23+E24 -> 13.053364 | G24: =IF(C24=1,(F24-0.3)/($B$4+0.4),0) -> 0.063639541 | H24: =LN(B24) -> 7.0575536 | I24: =IF(C24=1,LN(-LN(1-G24)),0) -> -2.7218231 | K24: =IF(C24=1,H24,NA()) -> 7.0575536 | L24: =IF(C24=1,I24,NA()) -> -2.7218231 | M24: =IF(C24=1,$P$12*H24+$P$13,"") -> -2.8331678
A25: 18 | B25: =SMALL(Datos!$C$5:$C$204,A25) -> 1196.6 | C25: =INDEX(Datos!$D$5:$D$204,MATCH(B25,Datos!$C$5:$C$204,0)) -> 0 | D25: =$B$4-A25+1 -> 183 | E25: =IF(C25=1,($B$4+1-F24)/(1+D25),0) -> 0 | F25: =F24+E25 -> 13.053364 | G25: =IF(C25=1,(F25-0.3)/($B$4+0.4),0) -> 0 | H25: =LN(B25) -> 7.0872395 | I25: =IF(C25=1,LN(-LN(1-G25)),0) -> 0 | K25: =IF(C25=1,H25,NA()) -> #N/A | L25: =IF(C25=1,I25,NA()) -> #N/A | M25: =IF(C25=1,$P$12*H25+$P$13,"") | O25: Como leer este metodo
A26: 19 | B26: =SMALL(Datos!$C$5:$C$204,A26) -> 1230.9 | C26: =INDEX(Datos!$D$5:$D$204,MATCH(B26,Datos!$C$5:$C$204,0)) -> 1 | D26: =$B$4-A26+1 -> 182 | E26: =IF(C26=1,($B$4+1-F25)/(1+D26),0) -> 1.0270308 | F26: =F25+E26 -> 14.080395 | G26: =IF(C26=1,(F26-0.3)/($B$4+0.4),0) -> 0.068764445 | H26: =LN(B26) -> 7.1155009 | I26: =IF(C26=1,LN(-LN(1-G26)),0) -> -2.6416584 | K26: =IF(C26=1,H26,NA()) -> 7.1155009 | L26: =IF(C26=1,I26,NA()) -> -2.6416584 | M26: =IF(C26=1,$P$12*H26+$P$13,"") -> -2.7225361 | O26: 1) Se ordenan los 200 tiempos de menor a mayor. 2) Los censurados no reciben rango, pero desplazan el rango de las fallas posteriores mediante el incremento de Johnson I = (N+1-AR_anterior)/(1+n_j). 3) El rango mediano F(tj) = (AR-0.3)/(N+0.4) estima la probabilidad acumulada de falla. 4) Al graficar y = ln(-ln(1-F)) contra x = ln(t), una Weibull debe dar una recta: la pendiente es BETA y el intercepto vale -BETA*ln(ETA). 5) R cuadrado cercano a 1 respalda el supuesto Weibull; curvatura sistematica sugiere mezcla de modos de falla.
A27: 20 | B27: =SMALL(Datos!$C$5:$C$204,A27) -> 1240.7 | C27: =INDEX(Datos!$D$5:$D$204,MATCH(B27,Datos!$C$5:$C$204,0)) -> 0 | D27: =$B$4-A27+1 -> 181 | E27: =IF(C27=1,($B$4+1-F26)/(1+D27),0) -> 0 | F27: =F26+E27 -> 14.080395 | G27: =IF(C27=1,(F27-0.3)/($B$4+0.4),0) -> 0 | H27: =LN(B27) -> 7.123431 | I27: =IF(C27=1,LN(-LN(1-G27)),0) -> 0 | K27: =IF(C27=1,H27,NA()) -> #N/A | L27: =IF(C27=1,I27,NA()) -> #N/A | M27: =IF(C27=1,$P$12*H27+$P$13,"")
A28: 21 | B28: =SMALL(Datos!$C$5:$C$204,A28) -> 1265.2 | C28: =INDEX(Datos!$D$5:$D$204,MATCH(B28,Datos!$C$5:$C$204,0)) -> 0 | D28: =$B$4-A28+1 -> 180 | E28: =IF(C28=1,($B$4+1-F27)/(1+D28),0) -> 0 | F28: =F27+E28 -> 14.080395 | G28: =IF(C28=1,(F28-0.3)/($B$4+0.4),0) -> 0 | H28: =LN(B28) -> 7.1429855 | I28: =IF(C28=1,LN(-LN(1-G28)),0) -> 0 | K28: =IF(C28=1,H28,NA()) -> #N/A | L28: =IF(C28=1,I28,NA()) -> #N/A | M28: =IF(C28=1,$P$12*H28+$P$13,"")
A29: 22 | B29: =SMALL(Datos!$C$5:$C$204,A29) -> 1308.3 | C29: =INDEX(Datos!$D$5:$D$204,MATCH(B29,Datos!$C$5:$C$204,0)) -> 0 | D29: =$B$4-A29+1 -> 179 | E29: =IF(C29=1,($B$4+1-F28)/(1+D29),0) -> 0 | F29: =F28+E29 -> 14.080395 | G29: =IF(C29=1,(F29-0.3)/($B$4+0.4),0) -> 0 | H29: =LN(B29) -> 7.1764839 | I29: =IF(C29=1,LN(-LN(1-G29)),0) -> 0 | K29: =IF(C29=1,H29,NA()) -> #N/A | L29: =IF(C29=1,I29,NA()) -> #N/A | M29: =IF(C29=1,$P$12*H29+$P$13,"")
A30: 23 | B30: =SMALL(Datos!$C$5:$C$204,A30) -> 1360.3 | C30: =INDEX(Datos!$D$5:$D$204,MATCH(B30,Datos!$C$5:$C$204,0)) -> 1 | D30: =$B$4-A30+1 -> 178 | E30: =IF(C30=1,($B$4+1-F29)/(1+D30),0) -> 1.0442436 | F30: =F29+E30 -> 15.124638 | G30: =IF(C30=1,(F30-0.3)/($B$4+0.4),0) -> 0.073975242 | H30: =LN(B30) -> 7.2154605 | I30: =IF(C30=1,LN(-LN(1-G30)),0) -> -2.5658438 | K30: =IF(C30=1,H30,NA()) -> 7.2154605 | L30: =IF(C30=1,I30,NA()) -> -2.5658438 | M30: =IF(C30=1,$P$12*H30+$P$13,"") -> -2.5316951
A31: 24 | B31: =SMALL(Datos!$C$5:$C$204,A31) -> 1392.9 | C31: =INDEX(Datos!$D$5:$D$204,MATCH(B31,Datos!$C$5:$C$204,0)) -> 1 | D31: =$B$4-A31+1 -> 177 | E31: =IF(C31=1,($B$4+1-F30)/(1+D31),0) -> 1.0442436 | F31: =F30+E31 -> 16.168882 | G31: =IF(C31=1,(F31-0.3)/($B$4+0.4),0) -> 0.079186038 | H31: =LN(B31) -> 7.2391432 | I31: =IF(C31=1,LN(-LN(1-G31)),0) -> -2.4949902 | K31: =IF(C31=1,H31,NA()) -> 7.2391432 | L31: =IF(C31=1,I31,NA()) -> -2.4949902 | M31: =IF(C31=1,$P$12*H31+$P$13,"") -> -2.4864806
A32: 25 | B32: =SMALL(Datos!$C$5:$C$204,A32) -> 1441.9 | C32: =INDEX(Datos!$D$5:$D$204,MATCH(B32,Datos!$C$5:$C$204,0)) -> 1 | D32: =$B$4-A32+1 -> 176 | E32: =IF(C32=1,($B$4+1-F31)/(1+D32),0) -> 1.0442436 | F32: =F31+E32 -> 17.213126 | G32: =IF(C32=1,(F32-0.3)/($B$4+0.4),0) -> 0.084396834 | H32: =LN(B32) -> 7.273717 | I32: =IF(C32=1,LN(-LN(1-G32)),0) -> -2.4284632 | K32: =IF(C32=1,H32,NA()) -> 7.273717 | L32: =IF(C32=1,I32,NA()) -> -2.4284632 | M32: =IF(C32=1,$P$12*H32+$P$13,"") -> -2.420473
A33: 26 | B33: =SMALL(Datos!$C$5:$C$204,A33) -> 1442.2 | C33: =INDEX(Datos!$D$5:$D$204,MATCH(B33,Datos!$C$5:$C$204,0)) -> 1 | D33: =$B$4-A33+1 -> 175 | E33: =IF(C33=1,($B$4+1-F32)/(1+D33),0) -> 1.0442436 | F33: =F32+E33 -> 18.257369 | G33: =IF(C33=1,(F33-0.3)/($B$4+0.4),0) -> 0.089607631 | H33: =LN(B33) -> 7.273925 | I33: =IF(C33=1,LN(-LN(1-G33)),0) -> -2.3657422 | K33: =IF(C33=1,H33,NA()) -> 7.273925 | L33: =IF(C33=1,I33,NA()) -> -2.3657422 | M33: =IF(C33=1,$P$12*H33+$P$13,"") -> -2.4200759
A34: 27 | B34: =SMALL(Datos!$C$5:$C$204,A34) -> 1449.1 | C34: =INDEX(Datos!$D$5:$D$204,MATCH(B34,Datos!$C$5:$C$204,0)) -> 0 | D34: =$B$4-A34+1 -> 174 | E34: =IF(C34=1,($B$4+1-F33)/(1+D34),0) -> 0 | F34: =F33+E34 -> 18.257369 | G34: =IF(C34=1,(F34-0.3)/($B$4+0.4),0) -> 0 | H34: =LN(B34) -> 7.278698 | I34: =IF(C34=1,LN(-LN(1-G34)),0) -> 0 | K34: =IF(C34=1,H34,NA()) -> #N/A | L34: =IF(C34=1,I34,NA()) -> #N/A | M34: =IF(C34=1,$P$12*H34+$P$13,"")
A35: 28 | B35: =SMALL(Datos!$C$5:$C$204,A35) -> 1472.7 | C35: =INDEX(Datos!$D$5:$D$204,MATCH(B35,Datos!$C$5:$C$204,0)) -> 1 | D35: =$B$4-A35+1 -> 173 | E35: =IF(C35=1,($B$4+1-F34)/(1+D35),0) -> 1.050245 | F35: =F34+E35 -> 19.307614 | G35: =IF(C35=1,(F35-0.3)/($B$4+0.4),0) -> 0.094848374 | H35: =LN(B35) -> 7.2948527 | I35: =IF(C35=1,LN(-LN(1-G35)),0) -> -2.3060631 | K35: =IF(C35=1,H35,NA()) -> 7.2948527 | L35: =IF(C35=1,I35,NA()) -> -2.3060631 | M35: =IF(C35=1,$P$12*H35+$P$13,"") -> -2.3801211
A36: 29 | B36: =SMALL(Datos!$C$5:$C$204,A36) -> 1472.8 | C36: =INDEX(Datos!$D$5:$D$204,MATCH(B36,Datos!$C$5:$C$204,0)) -> 0 | D36: =$B$4-A36+1 -> 172 | E36: =IF(C36=1,($B$4+1-F35)/(1+D36),0) -> 0 | F36: =F35+E36 -> 19.307614 | G36: =IF(C36=1,(F36-0.3)/($B$4+0.4),0) -> 0 | H36: =LN(B36) -> 7.2949206 | I36: =IF(C36=1,LN(-LN(1-G36)),0) -> 0 | K36: =IF(C36=1,H36,NA()) -> #N/A | L36: =IF(C36=1,I36,NA()) -> #N/A | M36: =IF(C36=1,$P$12*H36+$P$13,"")
A37: 30 | B37: =SMALL(Datos!$C$5:$C$204,A37) -> 1474.1 | C37: =INDEX(Datos!$D$5:$D$204,MATCH(B37,Datos!$C$5:$C$204,0)) -> 0 | D37: =$B$4-A37+1 -> 171 | E37: =IF(C37=1,($B$4+1-F36)/(1+D37),0) -> 0 | F37: =F36+E37 -> 19.307614 | G37: =IF(C37=1,(F37-0.3)/($B$4+0.4),0) -> 0 | H37: =LN(B37) -> 7.2958029 | I37: =IF(C37=1,LN(-LN(1-G37)),0) -> 0 | K37: =IF(C37=1,H37,NA()) -> #N/A | L37: =IF(C37=1,I37,NA()) -> #N/A | M37: =IF(C37=1,$P$12*H37+$P$13,"")
A38: 31 | B38: =SMALL(Datos!$C$5:$C$204,A38) -> 1528.3 | C38: =INDEX(Datos!$D$5:$D$204,MATCH(B38,Datos!$C$5:$C$204,0)) -> 0 | D38: =$B$4-A38+1 -> 170 | E38: =IF(C38=1,($B$4+1-F37)/(1+D38),0) -> 0 | F38: =F37+E38 -> 19.307614 | G38: =IF(C38=1,(F38-0.3)/($B$4+0.4),0) -> 0 | H38: =LN(B38) -> 7.3319113 | I38: =IF(C38=1,LN(-LN(1-G38)),0) -> 0 | K38: =IF(C38=1,H38,NA()) -> #N/A | L38: =IF(C38=1,I38,NA()) -> #N/A | M38: =IF(C38=1,$P$12*H38+$P$13,"")
... A207: 200 | B207: =SMALL(Datos!$C$5:$C$204,A207) -> 9165.7 | C207: =INDEX(Datos!$D$5:$D$204,MATCH(B207,Datos!$C$5:$C$204,0)) -> 0 | D207: =$B$4-A207+1 -> 1 | E207: =IF(C207=1,($B$4+1-F206)/(1+D207),0) -> 0 | F207: =F206+E207 -> 183.10953 | G207: =IF(C207=1,(F207-0.3)/($B$4+0.4),0) -> 0 | H207: =LN(B207) -> 9.1232235 | I207: =IF(C207=1,LN(-LN(1-G207)),0) -> 0 | K207: =IF(C207=1,H207,NA()) -> #N/A | L207: =IF(C207=1,I207,NA()) -> #N/A | M207: =IF(C207=1,$P$12*H207+$P$13,"")

Sheet Max_Verosimilitud
A1: ESTIMACION POR MAXIMA VEROSIMILITUD (MLE) Y PRUEBAS DE BONDAD DE AJUSTE
A2: Se resuelve la ecuacion de verosimilitud perfilada g(BETA)=0 por biseccion; ETA se obtiene en forma cerrada.
A4: Estadisticos suficientes | H4: Paso 2 — Estimadores de maxima verosimilitud | M4: Paso 4 — Pruebas de bondad de ajuste
A5: N | B5: =COUNT(Datos!$C$5:$C$204) -> 200 | H5: BETA (forma) | I5: =D56 -> 1.9476758 | M5: A. Razon de verosimilitud contra la exponencial (H0: BETA = 1)
A6: r (fallas) | B6: =SUM(Datos!$D$5:$D$204) -> 122 | H6: ETA (escala, h) | I6: =(SUMPRODUCT(Datos!$C$5:$C$204^$I$5)/$B$6)^(1/$I$5) -> 5099.776 | M6: ETA exponencial = SUM(t)/r | N6: =SUM(Datos!$C$5:$C$204)/$B$6 -> 5740.8893
A7: S1 = SUM(d*ln(t)) | B7: =SUMPRODUCT(Datos!$D$5:$D$204,Datos!$E$5:$E$204) -> 974.90977 | H7: log-verosimilitud l(BETA,ETA) | I7: =$B$6*LN($I$5)-$B$6*$I$5*LN($I$6)+($I$5-1)*$B$7-SUMPRODUCT((Datos!$C$5:$C$204/$I$6)^$I$5) -> -1145.2921 | M7: log-verosimilitud exponencial | N7: =-$B$6*LN($N$6)-SUM(Datos!$C$5:$C$204)/$N$6 -> -1177.9551
H8: Residual g(BETA) (debe ser ~0) | I8: =E56 -> 2.5757174e-14 | M8: Estadistico LR = 2*(lW - lE) | N8: =2*($I$7-$N$7) -> 65.325944
A9: Paso 1 — Solucion de g(BETA) = SUM(t^b*ln t)/SUM(t^b) - 1/b - S1/r = 0 (biseccion, 46 iteraciones) | M9: valor p (chi2 con 1 gl) | N9: =CHIDIST($N$8,1) -> 6.3480105e-16
A10: Iter k | B10: a (limite inf) | C10: b (limite sup) | D10: m = (a+b)/2 | E10: g(m) | F10: Amplitud (b-a) | H10: MTTF = ETA*GAMMA(1+1/BETA) (h) | I10: =$I$6*EXP(GAMMALN(1+1/$I$5)) -> 4522.1544 | M10: Decision | N10: =IF($N$9<0.05,"Se rechaza la exponencial: BETA es distinto de 1","No se rechaza la exponencial") -> Se rechaza la exponencial: BETA es distinto de 1
A11: 1 | B11: 0.1 | C11: 10 | D11: =(B11+C11)/2 -> 5.05 | E11: =SUMPRODUCT(Datos!$C$5:$C$204^D11,Datos!$E$5:$E$204)/SUMPRODUCT(Datos!$C$5:$C$204^D11)-1/D11-$B$7/$B$6 -> 0.64518968 | F11: =C11-B11 -> 9.9 | H11: Mediana (h) | I11: =$I$6*LN(2)^(1/$I$5) -> 4224.9904 | R11: Tabla de apoyo: ajuste vs. empirica
A12: 2 | B12: =IF(E11<0,D11,B11) -> 0.1 | C12: =IF(E11<0,C11,D11) -> 5.05 | D12: =(B12+C12)/2 -> 2.575 | E12: =SUMPRODUCT(Datos!$C$5:$C$204^D12,Datos!$E$5:$E$204)/SUMPRODUCT(Datos!$C$5:$C$204^D12)-1/D12-$B$7/$B$6 -> 0.22155954 | F12: =C12-B12 -> 4.95 | H12: Vida B10 (h) | I12: =$I$6*(-LN(0.9))^(1/$I$5) -> 1606.0616 | M12: B. Prueba Kolmogorov-Smirnov (Weibull MLE vs. empirica Kaplan-Meier) | R12: t(j) ordenado | S12: d | T12: F Weibull MLE | U12: F empirica (K-M) | V12: |diferencia| (fallas)
A13: 3 | B13: =IF(E12<0,D12,B12) -> 0.1 | C13: =IF(E12<0,C12,D12) -> 2.575 | D13: =(B13+C13)/2 -> 1.3375 | E13: =SUMPRODUCT(Datos!$C$5:$C$204^D13,Datos!$E$5:$E$204)/SUMPRODUCT(Datos!$C$5:$C$204^D13)-1/D13-$B$7/$B$6 -> -0.35259867 | F13: =C13-B13 -> 2.475 | M13: Estadistico D = max|F_W - F_KM| | N13: =MAX($V$13:$V$212) -> 0.049058692 | R13: =Metodo_Grafico!B8 -> 401.7 | S13: =Metodo_Grafico!C8 -> 1 | T13: =1-EXP(-((R13/$I$6)^$I$5)) -> 0.0070617291 | U13: =1-Kaplan_Meier!G8 -> 0.005 | V13: =IF(S13=1,ABS(T13-U13),0) -> 0.0020617291
A14: 4 | B14: =IF(E13<0,D13,B13) -> 1.3375 | C14: =IF(E13<0,C13,D13) -> 2.575 | D14: =(B14+C14)/2 -> 1.95625 | E14: =SUMPRODUCT(Datos!$C$5:$C$204^D14,Datos!$E$5:$E$204)/SUMPRODUCT(Datos!$C$5:$C$204^D14)-1/D14-$B$7/$B$6 -> 0.0037235281 | F14: =C14-B14 -> 1.2375 | H14: Paso 3 — Matriz de informacion observada (Hessiano numerico central) | M14: Valor critico aprox. 1.36/RAIZ(r) a=5% | N14: =1.36/SQRT($B$6) -> 0.12312861 | R14: =Metodo_Grafico!B9 -> 449.3 | S14: =Metodo_Grafico!C9 -> 1 | T14: =1-EXP(-((R14/$I$6)^$I$5)) -> 0.0087752783 | U14: =1-Kaplan_Meier!G9 -> 0.01 | V14: =IF(S14=1,ABS(T14-U14),0) -> 0.0012247217
A15: 5 | B15: =IF(E14<0,D14,B14) -> 1.3375 | C15: =IF(E14<0,C14,D14) -> 1.95625 | D15: =(B15+C15)/2 -> 1.646875 | E15: =SUMPRODUCT(Datos!$C$5:$C$204^D15,Datos!$E$5:$E$204)/SUMPRODUCT(Datos!$C$5:$C$204^D15)-1/D15-$B$7/$B$6 -> -0.14861488 | F15: =C15-B15 -> 0.61875 | H15: paso hb = 1% de BETA | I15: =0.01*$I$5 -> 0.019476758 | M15: Decision | N15: =IF($N$13<$N$14,"No se rechaza el ajuste Weibull","Se rechaza el ajuste Weibull") -> No se rechaza el ajuste Weibull | R15: =Metodo_Grafico!B10 -> 455.5 | S15: =Metodo_Grafico!C10 -> 1 | T15: =1-EXP(-((R15/$I$6)^$I$5)) -> 0.0090115955 | U15: =1-Kaplan_Meier!G10 -> 0.015 | V15: =IF(S15=1,ABS(T15-U15),0) -> 0.0059884045
A16: 6 | B16: =IF(E15<0,D15,B15) -> 1.646875 | C16: =IF(E15<0,C15,D15) -> 1.95625 | D16: =(B16+C16)/2 -> 1.8015625 | E16: =SUMPRODUCT(Datos!$C$5:$C$204^D16,Datos!$E$5:$E$204)/SUMPRODUCT(Datos!$C$5:$C$204^D16)-1/D16-$B$7/$B$6 -> -0.067491551 | F16: =C16-B16 -> 0.309375 | H16: paso he = 1% de ETA | I16: =0.01*$I$6 -> 50.99776 | R16: =Metodo_Grafico!B11 -> 528.3 | S16: =Metodo_Grafico!C11 -> 1 | T16: =1-EXP(-((R16/$I$6)^$I$5)) -> 0.012010468 | U16: =1-Kaplan_Meier!G11 -> 0.02 | V16: =IF(S16=1,ABS(T16-U16),0) -> 0.0079895322
A17: 7 | B17: =IF(E16<0,D16,B16) -> 1.8015625 | C17: =IF(E16<0,C16,D16) -> 1.95625 | D17: =(B17+C17)/2 -> 1.8789062 | E17: =SUMPRODUCT(Datos!$C$5:$C$204^D17,Datos!$E$5:$E$204)/SUMPRODUCT(Datos!$C$5:$C$204^D17)-1/D17-$B$7/$B$6 -> -0.030780898 | F17: =C17-B17 -> 0.1546875 | M17: C. Criterios de informacion (menor es mejor) | R17: =Metodo_Grafico!B12 -> 602 | S17: =Metodo_Grafico!C12 -> 1 | T17: =1-EXP(-((R17/$I$6)^$I$5)) -> 0.015462008 | U17: =1-Kaplan_Meier!G12 -> 0.025 | V17: =IF(S17=1,ABS(T17-U17),0) -> 0.0095379921
A18: 8 | B18: =IF(E17<0,D17,B17) -> 1.8789062 | C18: =IF(E17<0,C17,D17) -> 1.95625 | D18: =(B18+C18)/2 -> 1.9175781 | E18: =SUMPRODUCT(Datos!$C$5:$C$204^D18,Datos!$E$5:$E$204)/SUMPRODUCT(Datos!$C$5:$C$204^D18)-1/D18-$B$7/$B$6 -> -0.013267544 | F18: =C18-B18 -> 0.07734375 | H18: l(BETA, ETA) en malla 3x3 | M18: AIC Weibull (k=2) | N18: =-2*$I$7+4 -> 2294.5842 | R18: =Metodo_Grafico!B13 -> 707.6 | S18: =Metodo_Grafico!C13 -> 1 | T18: =1-EXP(-((R18/$I$6)^$I$5)) -> 0.021121649 | U18: =1-Kaplan_Meier!G13 -> 0.03 | V18: =IF(S18=1,ABS(T18-U18),0) -> 0.0088783507
A19: 9 | B19: =IF(E18<0,D18,B18) -> 1.9175781 | C19: =IF(E18<0,C18,D18) -> 1.95625 | D19: =(B19+C19)/2 -> 1.9369141 | E19: =SUMPRODUCT(Datos!$C$5:$C$204^D19,Datos!$E$5:$E$204)/SUMPRODUCT(Datos!$C$5:$C$204^D19)-1/D19-$B$7/$B$6 -> -0.0047084303 | F19: =C19-B19 -> 0.038671875 | I19: =$I$6-$I$16 -> 5048.7782 | J19: =$I$6 -> 5099.776 | K19: =$I$6+$I$16 -> 5150.7737 | M19: AIC Exponencial (k=1) | N19: =-2*$N$7+2 -> 2357.9101 | R19: =Metodo_Grafico!B14 -> 820.7 | S19: =Metodo_Grafico!C14 -> 1 | T19: =1-EXP(-((R19/$I$6)^$I$5)) -> 0.028093502 | U19: =1-Kaplan_Meier!G14 -> 0.035 | V19: =IF(S19=1,ABS(T19-U19),0) -> 0.0069064984
A20: 10 | B20: =IF(E19<0,D19,B19) -> 1.9369141 | C20: =IF(E19<0,C19,D19) -> 1.95625 | D20: =(B20+C20)/2 -> 1.946582 | E20: =SUMPRODUCT(Datos!$C$5:$C$204^D20,Datos!$E$5:$E$204)/SUMPRODUCT(Datos!$C$5:$C$204^D20)-1/D20-$B$7/$B$6 -> -0.00047676313 | F20: =C20-B20 -> 0.019335937 | H20: =$I$5-$I$15 -> 1.9281991 | I20: =$B$6*LN($H20)-$B$6*$H20*LN(I$19)+($H20-1)*$B$7-SUMPRODUCT((Datos!$C$5:$C$204/I$19)^$H20) -> -1145.3269 | J20: =$B$6*LN($H20)-$B$6*$H20*LN(J$19)+($H20-1)*$B$7-SUMPRODUCT((Datos!$C$5:$C$204/J$19)^$H20) -> -1145.3023 | K20: =$B$6*LN($H20)-$B$6*$H20*LN(K$19)+($H20-1)*$B$7-SUMPRODUCT((Datos!$C$5:$C$204/K$19)^$H20) -> -1145.323 | M20: BIC Weibull | N20: =-2*$I$7+2*LN($B$5) -> 2301.1808 | R20: =Metodo_Grafico!B15 -> 871.6 | S20: =Metodo_Grafico!C15 -> 1 | T20: =1-EXP(-((R20/$I$6)^$I$5)) -> 0.031531059 | U20: =1-Kaplan_Meier!G15 -> 0.04 | V20: =IF(S20=1,ABS(T20-U20),0) -> 0.0084689408
A21: 11 | B21: =IF(E20<0,D20,B20) -> 1.946582 | C21: =IF(E20<0,C20,D20) -> 1.95625 | D21: =(B21+C21)/2 -> 1.951416 | E21: =SUMPRODUCT(Datos!$C$5:$C$204^D21,Datos!$E$5:$E$204)/SUMPRODUCT(Datos!$C$5:$C$204^D21)-1/D21-$B$7/$B$6 -> 0.0016272791 | F21: =C21-B21 -> 0.0096679688 | H21: =$I$5 -> 1.9476758 | I21: =$B$6*LN($H21)-$B$6*$H21*LN(I$19)+($H21-1)*$B$7-SUMPRODUCT((Datos!$C$5:$C$204/I$19)^$H21) -> -1145.3156 | J21: =$B$6*LN($H21)-$B$6*$H21*LN(J$19)+($H21-1)*$B$7-SUMPRODUCT((Datos!$C$5:$C$204/J$19)^$H21) -> -1145.2921 | K21: =$B$6*LN($H21)-$B$6*$H21*LN(K$19)+($H21-1)*$B$7-SUMPRODUCT((Datos!$C$5:$C$204/K$19)^$H21) -> -1145.3149 | M21: Modelo preferido | N21: =IF($N$18<$N$19,"Weibull de 2 parametros","Exponencial") -> Weibull de 2 parametros | R21: =Metodo_Grafico!B16 -> 873.6 | S21: =Metodo_Grafico!C16 -> 1 | T21: =1-EXP(-((R21/$I$6)^$I$5)) -> 0.031669873 | U21: =1-Kaplan_Meier!G16 -> 0.045 | V21: =IF(S21=1,ABS(T21-U21),0) -> 0.013330127
A22: 12 | B22: =IF(E21<0,D21,B21) -> 1.946582 | C22: =IF(E21<0,C21,D21) -> 1.951416 | D22: =(B22+C22)/2 -> 1.948999 | E22: =SUMPRODUCT(Datos!$C$5:$C$204^D22,Datos!$E$5:$E$204)/SUMPRODUCT(Datos!$C$5:$C$204^D22)-1/D22-$B$7/$B$6 -> 0.00057623529 | F22: =C22-B22 -> 0.0048339844 | H22: =$I$5+$I$15 -> 1.9671526 | I22: =$B$6*LN($H22)-$B$6*$H22*LN(I$19)+($H22-1)*$B$7-SUMPRODUCT((Datos!$C$5:$C$204/I$19)^$H22) -> -1145.3247 | J22: =$B$6*LN($H22)-$B$6*$H22*LN(J$19)+($H22-1)*$B$7-SUMPRODUCT((Datos!$C$5:$C$204/J$19)^$H22) -> -1145.3022 | K22: =$B$6*LN($H22)-$B$6*$H22*LN(K$19)+($H22-1)*$B$7-SUMPRODUCT((Datos!$C$5:$C$204/K$19)^$H22) -> -1145.3268 | R22: =Metodo_Grafico!B17 -> 941.7 | S22: =Metodo_Grafico!C17 -> 1 | T22: =1-EXP(-((R22/$I$6)^$I$5)) -> 0.036563407 | U22: =1-Kaplan_Meier!G17 -> 0.05 | V22: =IF(S22=1,ABS(T22-U22),0) -> 0.013436593
A23: 13 | B23: =IF(E22<0,D22,B22) -> 1.946582 | C23: =IF(E22<0,C22,D22) -> 1.948999 | D23: =(B23+C23)/2 -> 1.9477905 | E23: =SUMPRODUCT(Datos!$C$5:$C$204^D23,Datos!$E$5:$E$204)/SUMPRODUCT(Datos!$C$5:$C$204^D23)-1/D23-$B$7/$B$6 -> 4.9980804e-05 | F23: =C23-B23 -> 0.0024169922 | M23: D. Correlacion del papel de probabilidad | R23: =Metodo_Grafico!B18 -> 960.8 | S23: =Metodo_Grafico!C18 -> 0 | T23: =1-EXP(-((R23/$I$6)^$I$5)) -> 0.037993619 | U23: =1-Kaplan_Meier!G18 -> 0.05 | V23: =IF(S23=1,ABS(T23-U23),0) -> 0
A24: 14 | B24: =IF(E23<0,D23,B23) -> 1.946582 | C24: =IF(E23<0,C23,D23) -> 1.9477905 | D24: =(B24+C24)/2 -> 1.9471863 | E24: =SUMPRODUCT(Datos!$C$5:$C$204^D24,Datos!$E$5:$E$204)/SUMPRODUCT(Datos!$C$5:$C$204^D24)-1/D24-$B$7/$B$6 -> -0.00021332993 | F24: =C24-B24 -> 0.0012084961 | H24: d2l/dBETA2 | I24: =(J22-2*J21+J20)/$I$15^2 -> -53.286407 | M24: R cuadrado del grafico Weibull | N24: =Metodo_Grafico!$P$19 -> 0.98984743 | R24: =Metodo_Grafico!B19 -> 1024.2 | S24: =Metodo_Grafico!C19 -> 0 | T24: =1-EXP(-((R24/$I$6)^$I$5)) -> 0.04291954 | U24: =1-Kaplan_Meier!G19 -> 0.05 | V24: =IF(S24=1,ABS(T24-U24),0) -> 0
A25: 15 | B25: =IF(E24<0,D24,B24) -> 1.9471863 | C25: =IF(E24<0,C24,D24) -> 1.9477905 | D25: =(B25+C25)/2 -> 1.9474884 | E25: =SUMPRODUCT(Datos!$C$5:$C$204^D25,Datos!$E$5:$E$204)/SUMPRODUCT(Datos!$C$5:$C$204^D25)-1/D25-$B$7/$B$6 -> -8.1659263e-05 | F25: =C25-B25 -> 0.00060424805 | H25: d2l/dETA2 | I25: =(K21-2*J21+I21)/$I$16^2 -> -1.779864e-05 | M25: Lectura | N25: =IF($N$24>0.95,"Linealidad alta: el supuesto Weibull es razonable","Revisar el supuesto Weibull") -> Linealidad alta: el supuesto Weibull es razonable | R25: =Metodo_Grafico!B20 -> 1073.5 | S25: =Metodo_Grafico!C20 -> 0 | T25: =1-EXP(-((R25/$I$6)^$I$5)) -> 0.046936952 | U25: =1-Kaplan_Meier!G20 -> 0.05 | V25: =IF(S25=1,ABS(T25-U25),0) -> 0
A26: 16 | B26: =IF(E25<0,D25,B25) -> 1.9474884 | C26: =IF(E25<0,C25,D25) -> 1.9477905 | D26: =(B26+C26)/2 -> 1.9476395 | E26: =SUMPRODUCT(Datos!$C$5:$C$204^D26,Datos!$E$5:$E$204)/SUMPRODUCT(Datos!$C$5:$C$204^D26)-1/D26-$B$7/$B$6 -> -1.5835405e-05 | F26: =C26-B26 -> 0.00030212402 | H26: d2l/dBETAdETA | I26: =(K22-I22-K20+I20)/(4*$I$15*$I$16) -> -0.0015027729 | R26: =Metodo_Grafico!B21 -> 1077.1 | S26: =Metodo_Grafico!C21 -> 1 | T26: =1-EXP(-((R26/$I$6)^$I$5)) -> 0.047236642 | U26: =1-Kaplan_Meier!G21 -> 0.055080214 | V26: =IF(S26=1,ABS(T26-U26),0) -> 0.0078435722
A27: 17 | B27: =IF(E26<0,D26,B26) -> 1.9476395 | C27: =IF(E26<0,C26,D26) -> 1.9477905 | D27: =(B27+C27)/2 -> 1.947715 | E27: =SUMPRODUCT(Datos!$C$5:$C$204^D27,Datos!$E$5:$E$204)/SUMPRODUCT(Datos!$C$5:$C$204^D27)-1/D27-$B$7/$B$6 -> 1.7073655e-05 | F27: =C27-B27 -> 0.00015106201 | H27: Determinante de I | I27: =(-$I$24)*(-$I$25)-(-$I$26)^2 -> 0.00094616722 | M27: Advertencia metodologica | R27: =Metodo_Grafico!B22 -> 1099.2 | S27: =Metodo_Grafico!C22 -> 1 | T27: =1-EXP(-((R27/$I$6)^$I$5)) -> 0.049095125 | U27: =1-Kaplan_Meier!G22 -> 0.060160428 | V27: =IF(S27=1,ABS(T27-U27),0) -> 0.011065303
A28: 18 | B28: =IF(E27<0,D27,B27) -> 1.9476395 | C28: =IF(E27<0,C27,D27) -> 1.947715 | D28: =(B28+C28)/2 -> 1.9476772 | E28: =SUMPRODUCT(Datos!$C$5:$C$204^D28,Datos!$E$5:$E$204)/SUMPRODUCT(Datos!$C$5:$C$204^D28)-1/D28-$B$7/$B$6 -> 6.1936423e-07 | F28: =C28-B28 -> 7.5531006e-05 | H28: error estandar de BETA | I28: =SQRT(-$I$25/$I$27) -> 0.13715431 | M28: El valor critico de Kolmogorov-Smirnov mostrado supone parametros conocidos. Como aqui fueron estimados de la misma muestra, la prueba es conservadora (tiende a no rechazar). Para una decision formal se requiere el valor critico de Lilliefors o una calibracion por bootstrap parametrico. Se reporta como evidencia descriptiva y se complementa con la prueba LR y los criterios AIC/BIC. | R28: =Metodo_Grafico!B23 -> 1133.3 | S28: =Metodo_Grafico!C23 -> 0 | T28: =1-EXP(-((R28/$I$6)^$I$5)) -> 0.052025475 | U28: =1-Kaplan_Meier!G23 -> 0.060160428 | V28: =IF(S28=1,ABS(T28-U28),0) -> 0
A29: 19 | B29: =IF(E28<0,D28,B28) -> 1.9476395 | C29: =IF(E28<0,C28,D28) -> 1.9476772 | D29: =(B29+C29)/2 -> 1.9476583 | E29: =SUMPRODUCT(Datos!$C$5:$C$204^D29,Datos!$E$5:$E$204)/SUMPRODUCT(Datos!$C$5:$C$204^D29)-1/D29-$B$7/$B$6 -> -7.6079607e-06 | F29: =C29-B29 -> 3.7765503e-05 | H29: error estandar de ETA | I29: =SQRT(-$I$24/$I$27) -> 237.3145 | R29: =Metodo_Grafico!B24 -> 1161.6 | S29: =Metodo_Grafico!C24 -> 1 | T29: =1-EXP(-((R29/$I$6)^$I$5)) -> 0.054514656 | U29: =1-Kaplan_Meier!G24 -> 0.065268252 | V29: =IF(S29=1,ABS(T29-U29),0) -> 0.010753596
A30: 20 | B30: =IF(E29<0,D29,B29) -> 1.9476583 | C30: =IF(E29<0,C29,D29) -> 1.9476772 | D30: =(B30+C30)/2 -> 1.9476678 | E30: =SUMPRODUCT(Datos!$C$5:$C$204^D30,Datos!$E$5:$E$204)/SUMPRODUCT(Datos!$C$5:$C$204^D30)-1/D30-$B$7/$B$6 -> -3.4942833e-06 | F30: =C30-B30 -> 1.8882751e-05 | H30: IC 95% BETA inferior | I30: =$I$5*EXP(-1.959964*$I$28/$I$5) -> 1.6965845 | R30: =Metodo_Grafico!B25 -> 1196.6 | S30: =Metodo_Grafico!C25 -> 0 | T30: =1-EXP(-((R30/$I$6)^$I$5)) -> 0.057664152 | U30: =1-Kaplan_Meier!G25 -> 0.065268252 | V30: =IF(S30=1,ABS(T30-U30),0) -> 0
A31: 21 | B31: =IF(E30<0,D30,B30) -> 1.9476678 | C31: =IF(E30<0,C30,D30) -> 1.9476772 | D31: =(B31+C31)/2 -> 1.9476725 | E31: =SUMPRODUCT(Datos!$C$5:$C$204^D31,Datos!$E$5:$E$204)/SUMPRODUCT(Datos!$C$5:$C$204^D31)-1/D31-$B$7/$B$6 -> -1.4374558e-06 | F31: =C31-B31 -> 9.4413757e-06 | H31: IC 95% BETA superior | I31: =$I$5*EXP(1.959964*$I$28/$I$5) -> 2.2359281 | R31: =Metodo_Grafico!B26 -> 1230.9 | S31: =Metodo_Grafico!C26 -> 1 | T31: =1-EXP(-((R31/$I$6)^$I$5)) -> 0.060825943 | U31: =1-Kaplan_Meier!G26 -> 0.07040414 | V31: =IF(S31=1,ABS(T31-U31),0) -> 0.0095781968
A32: 22 | B32: =IF(E31<0,D31,B31) -> 1.9476725 | C32: =IF(E31<0,C31,D31) -> 1.9476772 | D32: =(B32+C32)/2 -> 1.9476749 | E32: =SUMPRODUCT(Datos!$C$5:$C$204^D32,Datos!$E$5:$E$204)/SUMPRODUCT(Datos!$C$5:$C$204^D32)-1/D32-$B$7/$B$6 -> -4.0904484e-07 | F32: =C32-B32 -> 4.7206879e-06 | H32: IC 95% ETA inferior | I32: =$I$6*EXP(-1.959964*$I$29/$I$6) -> 4655.2288 | R32: =Metodo_Grafico!B27 -> 1240.7 | S32: =Metodo_Grafico!C27 -> 0 | T32: =1-EXP(-((R32/$I$6)^$I$5)) -> 0.061742868 | U32: =1-Kaplan_Meier!G27 -> 0.07040414 | V32: =IF(S32=1,ABS(T32-U32),0) -> 0
A33: 23 | B33: =IF(E32<0,D32,B32) -> 1.9476749 | C33: =IF(E32<0,C32,D32) -> 1.9476772 | D33: =(B33+C33)/2 -> 1.9476761 | E33: =SUMPRODUCT(Datos!$C$5:$C$204^D33,Datos!$E$5:$E$204)/SUMPRODUCT(Datos!$C$5:$C$204^D33)-1/D33-$B$7/$B$6 -> 1.0515993e-07 | F33: =C33-B33 -> 2.3603439e-06 | H33: IC 95% ETA superior | I33: =$I$6*EXP(1.959964*$I$29/$I$6) -> 5586.7748 | R33: =Metodo_Grafico!B28 -> 1265.2 | S33: =Metodo_Grafico!C28 -> 0 | T33: =1-EXP(-((R33/$I$6)^$I$5)) -> 0.064061311 | U33: =1-Kaplan_Meier!G28 -> 0.07040414 | V33: =IF(S33=1,ABS(T33-U33),0) -> 0
A34: 24 | B34: =IF(E33<0,D33,B33) -> 1.9476749 | C34: =IF(E33<0,C33,D33) -> 1.9476761 | D34: =(B34+C34)/2 -> 1.9476755 | E34: =SUMPRODUCT(Datos!$C$5:$C$204^D34,Datos!$E$5:$E$204)/SUMPRODUCT(Datos!$C$5:$C$204^D34)-1/D34-$B$7/$B$6 -> -1.519424e-07 | F34: =C34-B34 -> 1.180172e-06 | R34: =Metodo_Grafico!B29 -> 1308.3 | S34: =Metodo_Grafico!C29 -> 0 | T34: =1-EXP(-((R34/$I$6)^$I$5)) -> 0.068229585 | U34: =1-Kaplan_Meier!G29 -> 0.07040414 | V34: =IF(S34=1,ABS(T34-U34),0) -> 0
A35: 25 | B35: =IF(E34<0,D34,B34) -> 1.9476755 | C35: =IF(E34<0,C34,D34) -> 1.9476761 | D35: =(B35+C35)/2 -> 1.9476758 | E35: =SUMPRODUCT(Datos!$C$5:$C$204^D35,Datos!$E$5:$E$204)/SUMPRODUCT(Datos!$C$5:$C$204^D35)-1/D35-$B$7/$B$6 -> -2.339122e-08 | F35: =C35-B35 -> 5.9008598e-07 | R35: =Metodo_Grafico!B30 -> 1360.3 | S35: =Metodo_Grafico!C30 -> 1 | T35: =1-EXP(-((R35/$I$6)^$I$5)) -> 0.073408483 | U35: =1-Kaplan_Meier!G30 -> 0.075626589 | V35: =IF(S35=1,ABS(T35-U35),0) -> 0.0022181056
A36: 26 | B36: =IF(E35<0,D35,B35) -> 1.9476758 | C36: =IF(E35<0,C35,D35) -> 1.9476761 | D36: =(B36+C36)/2 -> 1.9476759 | E36: =SUMPRODUCT(Datos!$C$5:$C$204^D36,Datos!$E$5:$E$204)/SUMPRODUCT(Datos!$C$5:$C$204^D36)-1/D36-$B$7/$B$6 -> 4.0884352e-08 | F36: =C36-B36 -> 2.9504299e-07 | R36: =Metodo_Grafico!B31 -> 1392.9 | S36: =Metodo_Grafico!C31 -> 1 | T36: =1-EXP(-((R36/$I$6)^$I$5)) -> 0.076737419 | U36: =1-Kaplan_Meier!G31 -> 0.080849038 | V36: =IF(S36=1,ABS(T36-U36),0) -> 0.0041116187
A37: 27 | B37: =IF(E36<0,D36,B36) -> 1.9476758 | C37: =IF(E36<0,C36,D36) -> 1.9476759 | D37: =(B37+C37)/2 -> 1.9476758 | E37: =SUMPRODUCT(Datos!$C$5:$C$204^D37,Datos!$E$5:$E$204)/SUMPRODUCT(Datos!$C$5:$C$204^D37)-1/D37-$B$7/$B$6 -> 8.7465635e-09 | F37: =C37-B37 -> 1.475215e-07 | R37: =Metodo_Grafico!B32 -> 1441.9 | S37: =Metodo_Grafico!C32 -> 1 | T37: =1-EXP(-((R37/$I$6)^$I$5)) -> 0.081857954 | U37: =1-Kaplan_Meier!G32 -> 0.086071486 | V37: =IF(S37=1,ABS(T37-U37),0) -> 0.0042135323
A38: 28 | B38: =IF(E37<0,D37,B37) -> 1.9476758 | C38: =IF(E37<0,C37,D37) -> 1.9476758 | D38: =(B38+C38)/2 -> 1.9476758 | E38: =SUMPRODUCT(Datos!$C$5:$C$204^D38,Datos!$E$5:$E$204)/SUMPRODUCT(Datos!$C$5:$C$204^D38)-1/D38-$B$7/$B$6 -> -7.322333e-09 | F38: =C38-B38 -> 7.3760748e-08 | R38: =Metodo_Grafico!B33 -> 1442.2 | S38: =Metodo_Grafico!C33 -> 1 | T38: =1-EXP(-((R38/$I$6)^$I$5)) -> 0.081889732 | U38: =1-Kaplan_Meier!G33 -> 0.091293935 | V38: =IF(S38=1,ABS(T38-U38),0) -> 0.0094042033
A39: 29 | B39: =IF(E38<0,D38,B38) -> 1.9476758 | C39: =IF(E38<0,C38,D38) -> 1.9476758 | D39: =(B39+C39)/2 -> 1.9476758 | E39: =SUMPRODUCT(Datos!$C$5:$C$204^D39,Datos!$E$5:$E$204)/SUMPRODUCT(Datos!$C$5:$C$204^D39)-1/D39-$B$7/$B$6 -> 7.1212192e-10 | F39: =C39-B39 -> 3.6880374e-08 | R39: =Metodo_Grafico!B34 -> 1449.1 | S39: =Metodo_Grafico!C34 -> 0 | T39: =1-EXP(-((R39/$I$6)^$I$5)) -> 0.082622042 | U39: =1-Kaplan_Meier!G34 -> 0.091293935 | V39: =IF(S39=1,ABS(T39-U39),0) -> 0
A40: 30 | B40: =IF(E39<0,D39,B39) -> 1.9476758 | C40: =IF(E39<0,C39,D39) -> 1.9476758 | D40: =(B40+C40)/2 -> 1.9476758 | E40: =SUMPRODUCT(Datos!$C$5:$C$204^D40,Datos!$E$5:$E$204)/SUMPRODUCT(Datos!$C$5:$C$204^D40)-1/D40-$B$7/$B$6 -> -3.3051073e-09 | F40: =C40-B40 -> 1.8440187e-08 | R40: =Metodo_Grafico!B35 -> 1472.7 | S40: =Metodo_Grafico!C35 -> 1 | T40: =1-EXP(-((R40/$I$6)^$I$5)) -> 0.085147296 | U40: =1-Kaplan_Meier!G35 -> 0.096546571 | V40: =IF(S40=1,ABS(T40-U40),0) -> 0.011399276
A41: 31 | B41: =IF(E40<0,D40,B40) -> 1.9476758 | C41: =IF(E40<0,C40,D40) -> 1.9476758 | D41: =(B41+C41)/2 -> 1.9476758 | E41: =SUMPRODUCT(Datos!$C$5:$C$204^D41,Datos!$E$5:$E$204)/SUMPRODUCT(Datos!$C$5:$C$204^D41)-1/D41-$B$7/$B$6 -> -1.2964883e-09 | F41: =C41-B41 -> 9.2200936e-09 | R41: =Metodo_Grafico!B36 -> 1472.8 | S41: =Metodo_Grafico!C36 -> 0 | T41: =1-EXP(-((R41/$I$6)^$I$5)) -> 0.085158063 | U41: =1-Kaplan_Meier!G36 -> 0.096546571 | V41: =IF(S41=1,ABS(T41-U41),0) -> 0
A42: 32 | B42: =IF(E41<0,D41,B41) -> 1.9476758 | C42: =IF(E41<0,C41,D41) -> 1.9476758 | D42: =(B42+C42)/2 -> 1.9476758 | E42: =SUMPRODUCT(Datos!$C$5:$C$204^D42,Datos!$E$5:$E$204)/SUMPRODUCT(Datos!$C$5:$C$204^D42)-1/D42-$B$7/$B$6 -> -2.9219027e-10 | F42: =C42-B42 -> 4.6100468e-09 | R42: =Metodo_Grafico!B37 -> 1474.1 | S42: =Metodo_Grafico!C37 -> 0 | T42: =1-EXP(-((R42/$I$6)^$I$5)) -> 0.085298093 | U42: =1-Kaplan_Meier!G37 -> 0.096546571 | V42: =IF(S42=1,ABS(T42-U42),0) -> 0
A43: 33 | B43: =IF(E42<0,D42,B42) -> 1.9476758 | C43: =IF(E42<0,C42,D42) -> 1.9476758 | D43: =(B43+C43)/2 -> 1.9476758 | E43: =SUMPRODUCT(Datos!$C$5:$C$204^D43,Datos!$E$5:$E$204)/SUMPRODUCT(Datos!$C$5:$C$204^D43)-1/D43-$B$7/$B$6 -> 2.0996538e-10 | F43: =C43-B43 -> 2.3050233e-09 | R43: =Metodo_Grafico!B38 -> 1528.3 | S43: =Metodo_Grafico!C38 -> 0 | T43: =1-EXP(-((R43/$I$6)^$I$5)) -> 0.091220673 | U43: =1-Kaplan_Meier!G38 -> 0.096546571 | V43: =IF(S43=1,ABS(T43-U43),0) -> 0
A44: 34 | B44: =IF(E43<0,D43,B43) -> 1.9476758 | C44: =IF(E43<0,C43,D43) -> 1.9476758 | D44: =(B44+C44)/2 -> 1.9476758 | E44: =SUMPRODUCT(Datos!$C$5:$C$204^D44,Datos!$E$5:$E$204)/SUMPRODUCT(Datos!$C$5:$C$204^D44)-1/D44-$B$7/$B$6 -> -4.1101345e-11 | F44: =C44-B44 -> 1.1525116e-09 | R44: =Metodo_Grafico!B39 -> 1535.6 | S44: =Metodo_Grafico!C39 -> 0 | T44: =1-EXP(-((R44/$I$6)^$I$5)) -> 0.092030843 | U44: =1-Kaplan_Meier!G39 -> 0.096546571 | V44: =IF(S44=1,ABS(T44-U44),0) -> 0
A45: 35 | B45: =IF(E44<0,D44,B44) -> 1.9476758 | C45: =IF(E44<0,C44,D44) -> 1.9476758 | D45: =(B45+C45)/2 -> 1.9476758 | E45: =SUMPRODUCT(Datos!$C$5:$C$204^D45,Datos!$E$5:$E$204)/SUMPRODUCT(Datos!$C$5:$C$204^D45)-1/D45-$B$7/$B$6 -> 8.4431129e-11 | F45: =C45-B45 -> 5.7625571e-10 | R45: =Metodo_Grafico!B40 -> 1544.6 | S45: =Metodo_Grafico!C40 -> 0 | T45: =1-EXP(-((R45/$I$6)^$I$5)) -> 0.093033715 | U45: =1-Kaplan_Meier!G40 -> 0.096546571 | V45: =IF(S45=1,ABS(T45-U45),0) -> 0
... A56: 46 | B56: =IF(E55<0,D55,B55) -> 1.9476758 | C56: =IF(E55<0,C55,D55) -> 1.9476758 | D56: =(B56+C56)/2 -> 1.9476758 | E56: =SUMPRODUCT(Datos!$C$5:$C$204^D56,Datos!$E$5:$E$204)/SUMPRODUCT(Datos!$C$5:$C$204^D56)-1/D56-$B$7/$B$6 -> 2.5757174e-14 | F56: =C56-B56 -> 2.8133051e-13 | R56: =Metodo_Grafico!B51 -> 1888.1 | S56: =Metodo_Grafico!C51 -> 0 | T56: =1-EXP(-((R56/$I$6)^$I$5)) -> 0.13444698 | U56: =1-Kaplan_Meier!G51 -> 0.11321344 | V56: =IF(S56=1,ABS(T56-U56),0) -> 0
R57: =Metodo_Grafico!B52 -> 1900.4 | S57: =Metodo_Grafico!C52 -> 1 | T57: =1-EXP(-((R57/$I$6)^$I$5)) -> 0.1360361 | U57: =1-Kaplan_Meier!G52 -> 0.11889797 | V57: =IF(S57=1,ABS(T57-U57),0) -> 0.017138132
R58: =Metodo_Grafico!B53 -> 1922.1 | S58: =Metodo_Grafico!C53 -> 0 | T58: =1-EXP(-((R58/$I$6)^$I$5)) -> 0.1388563 | U58: =1-Kaplan_Meier!G53 -> 0.11889797 | V58: =IF(S58=1,ABS(T58-U58),0) -> 0
R59: =Metodo_Grafico!B54 -> 1978.3 | S59: =Metodo_Grafico!C54 -> 1 | T59: =1-EXP(-((R59/$I$6)^$I$5)) -> 0.14625705 | U59: =1-Kaplan_Meier!G54 -> 0.12461941 | V59: =IF(S59=1,ABS(T59-U59),0) -> 0.02163764
R60: =Metodo_Grafico!B55 -> 2009.2 | S60: =Metodo_Grafico!C55 -> 1 | T60: =1-EXP(-((R60/$I$6)^$I$5)) -> 0.1503843 | U60: =1-Kaplan_Meier!G55 -> 0.13034085 | V60: =IF(S60=1,ABS(T60-U60),0) -> 0.020043448
R61: =Metodo_Grafico!B56 -> 2040 | S61: =Metodo_Grafico!C56 -> 1 | T61: =1-EXP(-((R61/$I$6)^$I$5)) -> 0.1545382 | U61: =1-Kaplan_Meier!G56 -> 0.1360623 | V61: =IF(S61=1,ABS(T61-U61),0) -> 0.018475906
R62: =Metodo_Grafico!B57 -> 2063.6 | S62: =Metodo_Grafico!C57 -> 1 | T62: =1-EXP(-((R62/$I$6)^$I$5)) -> 0.15774757 | U62: =1-Kaplan_Meier!G57 -> 0.14178374 | V62: =IF(S62=1,ABS(T62-U62),0) -> 0.015963832
R63: =Metodo_Grafico!B58 -> 2071.7 | S63: =Metodo_Grafico!C58 -> 1 | T63: =1-EXP(-((R63/$I$6)^$I$5)) -> 0.15885432 | U63: =1-Kaplan_Meier!G58 -> 0.14750518 | V63: =IF(S63=1,ABS(T63-U63),0) -> 0.011349137
R64: =Metodo_Grafico!B59 -> 2085.5 | S64: =Metodo_Grafico!C59 -> 0 | T64: =1-EXP(-((R64/$I$6)^$I$5)) -> 0.16074597 | U64: =1-Kaplan_Meier!G59 -> 0.14750518 | V64: =IF(S64=1,ABS(T64-U64),0) -> 0
R65: =Metodo_Grafico!B60 -> 2087.1 | S65: =Metodo_Grafico!C60 -> 1 | T65: =1-EXP(-((R65/$I$6)^$I$5)) -> 0.16096579 | U65: =1-Kaplan_Meier!G60 -> 0.15326528 | V65: =IF(S65=1,ABS(T65-U65),0) -> 0.0077005073
R66: =Metodo_Grafico!B61 -> 2110.6 | S66: =Metodo_Grafico!C61 -> 1 | T66: =1-EXP(-((R66/$I$6)^$I$5)) -> 0.16420603 | U66: =1-Kaplan_Meier!G61 -> 0.15902538 | V66: =IF(S66=1,ABS(T66-U66),0) -> 0.0051806531
R67: =Metodo_Grafico!B62 -> 2153.2 | S67: =Metodo_Grafico!C62 -> 1 | T67: =1-EXP(-((R67/$I$6)^$I$5)) -> 0.1701348 | U67: =1-Kaplan_Meier!G62 -> 0.16478548 | V67: =IF(S67=1,ABS(T67-U67),0) -> 0.0053493206
R68: =Metodo_Grafico!B63 -> 2167.2 | S68: =Metodo_Grafico!C63 -> 0 | T68: =1-EXP(-((R68/$I$6)^$I$5)) -> 0.17209839 | U68: =1-Kaplan_Meier!G63 -> 0.16478548 | V68: =IF(S68=1,ABS(T68-U68),0) -> 0
... R212: =Metodo_Grafico!B207 -> 9165.7 | S212: =Metodo_Grafico!C207 -> 0 | T212: =1-EXP(-((R212/$I$6)^$I$5)) -> 0.95639624 | U212: =1-Kaplan_Meier!G207 -> 0.924697 | V212: =IF(S212=1,ABS(T212-U212),0) -> 0

Sheet Kaplan_Meier
A1: ESTIMADOR NO PARAMETRICO DE KAPLAN-MEIER CON INTERVALOS DE CONFIANZA
A2: Producto-limite sobre los tiempos de falla. Varianza por la formula de Greenwood e IC 95% con transformacion log-log.
A4: N = | B4: =Metodo_Grafico!$B$4 -> 200 | N4: Resultados Kaplan-Meier
A5: z (95%) = | B5: 1.959964 | N5: Mediana de supervivencia (h) | O5: =INDEX($B$8:$B$207,COUNTIF($G$8:$G$207,">0.5")+1) -> 4118.5
N6: S(t) en el ultimo tiempo observado | O6: =G207 -> 0.075302996
A7: j | B7: t(j) (h) | C7: d (1=falla) | D7: n(j) en riesgo | E7: d(j) fallas | F7: Factor 1-d/n | G7: S(t) Kaplan-Meier | H7: Term. Greenwood | I7: Suma Greenwood | J7: e.e. Greenwood | K7: IC 95% inferior | L7: IC 95% superior | N7: Ultimo tiempo observado (h) | O7: =B207 -> 9165.7
A8: 1 | B8: =Metodo_Grafico!B8 -> 401.7 | C8: =Metodo_Grafico!C8 -> 1 | D8: =$B$4-A8+1 -> 200 | E8: =C8 -> 1 | F8: =IF(C8=1,(D8-E8)/D8,1) -> 0.995 | G8: =1*F8 -> 0.995 | H8: =IF(AND(C8=1,D8-E8>0),E8/(D8*(D8-E8)),0) -> 2.5125628e-05 | I8: =0+H8 -> 2.5125628e-05 | J8: =G8*SQRT(I8) -> 0.0049874843 | K8: =IF(OR(G8>=1,G8<=0),"",G8^EXP($B$5*SQRT(I8)/ABS(LN(G8)))) -> 0.96504122 | L8: =IF(OR(G8>=1,G8<=0),"",G8^EXP(-$B$5*SQRT(I8)/ABS(LN(G8)))) -> 0.99929417 | N8: Ultima observacion es censurada? | O8: =IF(C207=0,"Si - la curva no llega a cero","No") -> Si - la curva no llega a cero
A9: 2 | B9: =Metodo_Grafico!B9 -> 449.3 | C9: =Metodo_Grafico!C9 -> 1 | D9: =$B$4-A9+1 -> 199 | E9: =C9 -> 1 | F9: =IF(C9=1,(D9-E9)/D9,1) -> 0.99497487 | G9: =G8*F9 -> 0.99 | H9: =IF(AND(C9=1,D9-E9>0),E9/(D9*(D9-E9)),0) -> 2.5379422e-05 | I9: =I8+H9 -> 5.0505051e-05 | J9: =G9*SQRT(I9) -> 0.0070356236 | K9: =IF(OR(G9>=1,G9<=0),"",G9^EXP($B$5*SQRT(I9)/ABS(LN(G9)))) -> 0.96061086 | L9: =IF(OR(G9>=1,G9<=0),"",G9^EXP(-$B$5*SQRT(I9)/ABS(LN(G9)))) -> 0.99748961
A10: 3 | B10: =Metodo_Grafico!B10 -> 455.5 | C10: =Metodo_Grafico!C10 -> 1 | D10: =$B$4-A10+1 -> 198 | E10: =C10 -> 1 | F10: =IF(C10=1,(D10-E10)/D10,1) -> 0.99494949 | G10: =G9*F10 -> 0.985 | H10: =IF(AND(C10=1,D10-E10>0),E10/(D10*(D10-E10)),0) -> 2.5637081e-05 | I10: =I9+H10 -> 7.6142132e-05 | J10: =G10*SQRT(I10) -> 0.0085950567 | K10: =IF(OR(G10>=1,G10<=0),"",G10^EXP($B$5*SQRT(I10)/ABS(LN(G10)))) -> 0.95421966 | L10: =IF(OR(G10>=1,G10<=0),"",G10^EXP(-$B$5*SQRT(I10)/ABS(LN(G10)))) -> 0.99513744 | N10: Confiabilidad estimada en tiempos clave | P10: IC inf. | Q10: IC sup.
A11: 4 | B11: =Metodo_Grafico!B11 -> 528.3 | C11: =Metodo_Grafico!C11 -> 1 | D11: =$B$4-A11+1 -> 197 | E11: =C11 -> 1 | F11: =IF(C11=1,(D11-E11)/D11,1) -> 0.99492386 | G11: =G10*F11 -> 0.98 | H11: =IF(AND(C11=1,D11-E11>0),E11/(D11*(D11-E11)),0) -> 2.5898684e-05 | I11: =I10+H11 -> 0.00010204082 | J11: =G11*SQRT(I11) -> 0.0098994949 | K11: =IF(OR(G11>=1,G11<=0),"",G11^EXP($B$5*SQRT(I11)/ABS(LN(G11)))) -> 0.94759398 | L11: =IF(OR(G11>=1,G11<=0),"",G11^EXP(-$B$5*SQRT(I11)/ABS(LN(G11)))) -> 0.99244636 | N11: S(1000 h) | O11: =IFERROR(LOOKUP(1000,$B$8:$B$207,$G$8:$G$207),1) -> 0.95 | P11: =IFERROR(LOOKUP(1000,$B$8:$B$207,$K$8:$K$207),"") -> 0.90906609 | Q11: =IFERROR(LOOKUP(1000,$B$8:$B$207,$L$8:$L$207),"") -> 0.97278059
A12: 5 | B12: =Metodo_Grafico!B12 -> 602 | C12: =Metodo_Grafico!C12 -> 1 | D12: =$B$4-A12+1 -> 196 | E12: =C12 -> 1 | F12: =IF(C12=1,(D12-E12)/D12,1) -> 0.99489796 | G12: =G11*F12 -> 0.975 | H12: =IF(AND(C12=1,D12-E12>0),E12/(D12*(D12-E12)),0) -> 2.6164312e-05 | I12: =I11+H12 -> 0.00012820513 | J12: =G12*SQRT(I12) -> 0.011039701 | K12: =IF(OR(G12>=1,G12<=0),"",G12^EXP($B$5*SQRT(I12)/ABS(LN(G12)))) -> 0.94098486 | L12: =IF(OR(G12>=1,G12<=0),"",G12^EXP(-$B$5*SQRT(I12)/ABS(LN(G12)))) -> 0.9895176 | N12: S(2000 h) | O12: =IFERROR(LOOKUP(2000,$B$8:$B$207,$G$8:$G$207),1) -> 0.87538059 | P12: =IFERROR(LOOKUP(2000,$B$8:$B$207,$K$8:$K$207),"") -> 0.81967729 | Q12: =IFERROR(LOOKUP(2000,$B$8:$B$207,$L$8:$L$207),"") -> 0.91476497
A13: 6 | B13: =Metodo_Grafico!B13 -> 707.6 | C13: =Metodo_Grafico!C13 -> 1 | D13: =$B$4-A13+1 -> 195 | E13: =C13 -> 1 | F13: =IF(C13=1,(D13-E13)/D13,1) -> 0.99487179 | G13: =G12*F13 -> 0.97 | H13: =IF(AND(C13=1,D13-E13>0),E13/(D13*(D13-E13)),0) -> 2.6434047e-05 | I13: =I12+H13 -> 0.00015463918 | J13: =G13*SQRT(I13) -> 0.012062338 | K13: =IF(OR(G13>=1,G13<=0),"",G13^EXP($B$5*SQRT(I13)/ABS(LN(G13)))) -> 0.93444677 | L13: =IF(OR(G13>=1,G13<=0),"",G13^EXP(-$B$5*SQRT(I13)/ABS(LN(G13)))) -> 0.98640949 | N13: S(3000 h) | O13: =IFERROR(LOOKUP(3000,$B$8:$B$207,$G$8:$G$207),1) -> 0.72015613 | P13: =IFERROR(LOOKUP(3000,$B$8:$B$207,$K$8:$K$207),"") -> 0.64729092 | Q13: =IFERROR(LOOKUP(3000,$B$8:$B$207,$L$8:$L$207),"") -> 0.78053476
A14: 7 | B14: =Metodo_Grafico!B14 -> 820.7 | C14: =Metodo_Grafico!C14 -> 1 | D14: =$B$4-A14+1 -> 194 | E14: =C14 -> 1 | F14: =IF(C14=1,(D14-E14)/D14,1) -> 0.99484536 | G14: =G13*F14 -> 0.965 | H14: =IF(AND(C14=1,D14-E14>0),E14/(D14*(D14-E14)),0) -> 2.6707975e-05 | I14: =I13+H14 -> 0.00018134715 | J14: =G14*SQRT(I14) -> 0.012995191 | K14: =IF(OR(G14>=1,G14<=0),"",G14^EXP($B$5*SQRT(I14)/ABS(LN(G14)))) -> 0.92798964 | L14: =IF(OR(G14>=1,G14<=0),"",G14^EXP(-$B$5*SQRT(I14)/ABS(LN(G14)))) -> 0.9831594 | N14: S(4000 h) | O14: =IFERROR(LOOKUP(4000,$B$8:$B$207,$G$8:$G$207),1) -> 0.51588682 | P14: =IFERROR(LOOKUP(4000,$B$8:$B$207,$K$8:$K$207),"") -> 0.43417655 | Q14: =IFERROR(LOOKUP(4000,$B$8:$B$207,$L$8:$L$207),"") -> 0.5915132
A15: 8 | B15: =Metodo_Grafico!B15 -> 871.6 | C15: =Metodo_Grafico!C15 -> 1 | D15: =$B$4-A15+1 -> 193 | E15: =C15 -> 1 | F15: =IF(C15=1,(D15-E15)/D15,1) -> 0.99481865 | G15: =G14*F15 -> 0.96 | H15: =IF(AND(C15=1,D15-E15>0),E15/(D15*(D15-E15)),0) -> 2.6986183e-05 | I15: =I14+H15 -> 0.00020833333 | J15: =G15*SQRT(I15) -> 0.013856406 | K15: =IF(OR(G15>=1,G15<=0),"",G15^EXP($B$5*SQRT(I15)/ABS(LN(G15)))) -> 0.92161107 | L15: =IF(OR(G15>=1,G15<=0),"",G15^EXP(-$B$5*SQRT(I15)/ABS(LN(G15)))) -> 0.97979295 | N15: S(5000 h) | O15: =IFERROR(LOOKUP(5000,$B$8:$B$207,$G$8:$G$207),1) -> 0.38662426 | P15: =IFERROR(LOOKUP(5000,$B$8:$B$207,$K$8:$K$207),"") -> 0.3059127 | Q15: =IFERROR(LOOKUP(5000,$B$8:$B$207,$L$8:$L$207),"") -> 0.46652766
A16: 9 | B16: =Metodo_Grafico!B16 -> 873.6 | C16: =Metodo_Grafico!C16 -> 1 | D16: =$B$4-A16+1 -> 192 | E16: =C16 -> 1 | F16: =IF(C16=1,(D16-E16)/D16,1) -> 0.99479167 | G16: =G15*F16 -> 0.955 | H16: =IF(AND(C16=1,D16-E16>0),E16/(D16*(D16-E16)),0) -> 2.7268761e-05 | I16: =I15+H16 -> 0.00023560209 | J16: =G16*SQRT(I16) -> 0.014658615 | K16: =IF(OR(G16>=1,G16<=0),"",G16^EXP($B$5*SQRT(I16)/ABS(LN(G16)))) -> 0.91530533 | L16: =IF(OR(G16>=1,G16<=0),"",G16^EXP(-$B$5*SQRT(I16)/ABS(LN(G16)))) -> 0.97632871 | N16: S(6000 h) | O16: =IFERROR(LOOKUP(6000,$B$8:$B$207,$G$8:$G$207),1) -> 0.2198319 | P16: =IFERROR(LOOKUP(6000,$B$8:$B$207,$K$8:$K$207),"") -> 0.14927588 | Q16: =IFERROR(LOOKUP(6000,$B$8:$B$207,$L$8:$L$207),"") -> 0.29921379
A17: 10 | B17: =Metodo_Grafico!B17 -> 941.7 | C17: =Metodo_Grafico!C17 -> 1 | D17: =$B$4-A17+1 -> 191 | E17: =C17 -> 1 | F17: =IF(C17=1,(D17-E17)/D17,1) -> 0.9947644 | G17: =G16*F17 -> 0.95 | H17: =IF(AND(C17=1,D17-E17>0),E17/(D17*(D17-E17)),0) -> 2.75558e-05 | I17: =I16+H17 -> 0.00026315789 | J17: =G17*SQRT(I17) -> 0.015411035 | K17: =IF(OR(G17>=1,G17<=0),"",G17^EXP($B$5*SQRT(I17)/ABS(LN(G17)))) -> 0.90906609 | L17: =IF(OR(G17>=1,G17<=0),"",G17^EXP(-$B$5*SQRT(I17)/ABS(LN(G17)))) -> 0.97278059 | N17: S(8000 h) | O17: =IFERROR(LOOKUP(8000,$B$8:$B$207,$G$8:$G$207),1) -> 0.10040399 | P17: =IFERROR(LOOKUP(8000,$B$8:$B$207,$K$8:$K$207),"") -> 0.046926287 | Q17: =IFERROR(LOOKUP(8000,$B$8:$B$207,$L$8:$L$207),"") -> 0.17780845
A18: 11 | B18: =Metodo_Grafico!B18 -> 960.8 | C18: =Metodo_Grafico!C18 -> 0 | D18: =$B$4-A18+1 -> 190 | E18: =C18 -> 0 | F18: =IF(C18=1,(D18-E18)/D18,1) -> 1 | G18: =G17*F18 -> 0.95 | H18: =IF(AND(C18=1,D18-E18>0),E18/(D18*(D18-E18)),0) -> 0 | I18: =I17+H18 -> 0.00026315789 | J18: =G18*SQRT(I18) -> 0.015411035 | K18: =IF(OR(G18>=1,G18<=0),"",G18^EXP($B$5*SQRT(I18)/ABS(LN(G18)))) -> 0.90906609 | L18: =IF(OR(G18>=1,G18<=0),"",G18^EXP(-$B$5*SQRT(I18)/ABS(LN(G18)))) -> 0.97278059
A19: 12 | B19: =Metodo_Grafico!B19 -> 1024.2 | C19: =Metodo_Grafico!C19 -> 0 | D19: =$B$4-A19+1 -> 189 | E19: =C19 -> 0 | F19: =IF(C19=1,(D19-E19)/D19,1) -> 1 | G19: =G18*F19 -> 0.95 | H19: =IF(AND(C19=1,D19-E19>0),E19/(D19*(D19-E19)),0) -> 0 | I19: =I18+H19 -> 0.00026315789 | J19: =G19*SQRT(I19) -> 0.015411035 | K19: =IF(OR(G19>=1,G19<=0),"",G19^EXP($B$5*SQRT(I19)/ABS(LN(G19)))) -> 0.90906609 | L19: =IF(OR(G19>=1,G19<=0),"",G19^EXP(-$B$5*SQRT(I19)/ABS(LN(G19)))) -> 0.97278059
A20: 13 | B20: =Metodo_Grafico!B20 -> 1073.5 | C20: =Metodo_Grafico!C20 -> 0 | D20: =$B$4-A20+1 -> 188 | E20: =C20 -> 0 | F20: =IF(C20=1,(D20-E20)/D20,1) -> 1 | G20: =G19*F20 -> 0.95 | H20: =IF(AND(C20=1,D20-E20>0),E20/(D20*(D20-E20)),0) -> 0 | I20: =I19+H20 -> 0.00026315789 | J20: =G20*SQRT(I20) -> 0.015411035 | K20: =IF(OR(G20>=1,G20<=0),"",G20^EXP($B$5*SQRT(I20)/ABS(LN(G20)))) -> 0.90906609 | L20: =IF(OR(G20>=1,G20<=0),"",G20^EXP(-$B$5*SQRT(I20)/ABS(LN(G20)))) -> 0.97278059 | N20: Lectura critica
A21: 14 | B21: =Metodo_Grafico!B21 -> 1077.1 | C21: =Metodo_Grafico!C21 -> 1 | D21: =$B$4-A21+1 -> 187 | E21: =C21 -> 1 | F21: =IF(C21=1,(D21-E21)/D21,1) -> 0.99465241 | G21: =G20*F21 -> 0.94491979 | H21: =IF(AND(C21=1,D21-E21>0),E21/(D21*(D21-E21)),0) -> 2.8750503e-05 | I21: =I20+H21 -> 0.0002919084 | J21: =G21*SQRT(I21) -> 0.016144264 | K21: =IF(OR(G21>=1,G21<=0),"",G21^EXP($B$5*SQRT(I21)/ABS(LN(G21)))) -> 0.90274627 | L21: =IF(OR(G21>=1,G21<=0),"",G21^EXP(-$B$5*SQRT(I21)/ABS(LN(G21)))) -> 0.96911472 | N21: La curva baja solo en los tiempos de falla. Las censuras no producen escalones, pero reducen n(j), lo que hace mayores los saltos posteriores: asi es como aportan informacion. Al final de la curva quedan pocas unidades en riesgo, por lo que los ultimos escalones son inestables y sus intervalos son muy anchos. Como la ultima observacion es censurada, S(t) queda indefinida mas alla del ultimo tiempo: Kaplan-Meier no extrapola, y para eso se necesita el modelo Weibull.
A22: 15 | B22: =Metodo_Grafico!B22 -> 1099.2 | C22: =Metodo_Grafico!C22 -> 1 | D22: =$B$4-A22+1 -> 186 | E22: =C22 -> 1 | F22: =IF(C22=1,(D22-E22)/D22,1) -> 0.99462366 | G22: =G21*F22 -> 0.93983957 | H22: =IF(AND(C22=1,D22-E22>0),E22/(D22*(D22-E22)),0) -> 2.9061319e-05 | I22: =I21+H22 -> 0.00032096972 | J22: =G22*SQRT(I22) -> 0.016837816 | K22: =IF(OR(G22>=1,G22<=0),"",G22^EXP($B$5*SQRT(I22)/ABS(LN(G22)))) -> 0.89648936 | L22: =IF(OR(G22>=1,G22<=0),"",G22^EXP(-$B$5*SQRT(I22)/ABS(LN(G22)))) -> 0.9653818
A23: 16 | B23: =Metodo_Grafico!B23 -> 1133.3 | C23: =Metodo_Grafico!C23 -> 0 | D23: =$B$4-A23+1 -> 185 | E23: =C23 -> 0 | F23: =IF(C23=1,(D23-E23)/D23,1) -> 1 | G23: =G22*F23 -> 0.93983957 | H23: =IF(AND(C23=1,D23-E23>0),E23/(D23*(D23-E23)),0) -> 0 | I23: =I22+H23 -> 0.00032096972 | J23: =G23*SQRT(I23) -> 0.016837816 | K23: =IF(OR(G23>=1,G23<=0),"",G23^EXP($B$5*SQRT(I23)/ABS(LN(G23)))) -> 0.89648936 | L23: =IF(OR(G23>=1,G23<=0),"",G23^EXP(-$B$5*SQRT(I23)/ABS(LN(G23)))) -> 0.9653818
A24: 17 | B24: =Metodo_Grafico!B24 -> 1161.6 | C24: =Metodo_Grafico!C24 -> 1 | D24: =$B$4-A24+1 -> 184 | E24: =C24 -> 1 | F24: =IF(C24=1,(D24-E24)/D24,1) -> 0.99456522 | G24: =G23*F24 -> 0.93473175 | H24: =IF(AND(C24=1,D24-E24>0),E24/(D24*(D24-E24)),0) -> 2.9698266e-05 | I24: =I23+H24 -> 0.00035066798 | J24: =G24*SQRT(I24) -> 0.017503909 | K24: =IF(OR(G24>=1,G24<=0),"",G24^EXP($B$5*SQRT(I24)/ABS(LN(G24)))) -> 0.89024261 | L24: =IF(OR(G24>=1,G24<=0),"",G24^EXP(-$B$5*SQRT(I24)/ABS(LN(G24)))) -> 0.96157304
A25: 18 | B25: =Metodo_Grafico!B25 -> 1196.6 | C25: =Metodo_Grafico!C25 -> 0 | D25: =$B$4-A25+1 -> 183 | E25: =C25 -> 0 | F25: =IF(C25=1,(D25-E25)/D25,1) -> 1 | G25: =G24*F25 -> 0.93473175 | H25: =IF(AND(C25=1,D25-E25>0),E25/(D25*(D25-E25)),0) -> 0 | I25: =I24+H25 -> 0.00035066798 | J25: =G25*SQRT(I25) -> 0.017503909 | K25: =IF(OR(G25>=1,G25<=0),"",G25^EXP($B$5*SQRT(I25)/ABS(LN(G25)))) -> 0.89024261 | L25: =IF(OR(G25>=1,G25<=0),"",G25^EXP(-$B$5*SQRT(I25)/ABS(LN(G25)))) -> 0.96157304
A26: 19 | B26: =Metodo_Grafico!B26 -> 1230.9 | C26: =Metodo_Grafico!C26 -> 1 | D26: =$B$4-A26+1 -> 182 | E26: =C26 -> 1 | F26: =IF(C26=1,(D26-E26)/D26,1) -> 0.99450549 | G26: =G25*F26 -> 0.92959586 | H26: =IF(AND(C26=1,D26-E26>0),E26/(D26*(D26-E26)),0) -> 3.0356384e-05 | I26: =I25+H26 -> 0.00038102437 | J26: =G26*SQRT(I26) -> 0.018145568 | K26: =IF(OR(G26>=1,G26<=0),"",G26^EXP($B$5*SQRT(I26)/ABS(LN(G26)))) -> 0.88400292 | L26: =IF(OR(G26>=1,G26<=0),"",G26^EXP(-$B$5*SQRT(I26)/ABS(LN(G26)))) -> 0.9576931
A27: 20 | B27: =Metodo_Grafico!B27 -> 1240.7 | C27: =Metodo_Grafico!C27 -> 0 | D27: =$B$4-A27+1 -> 181 | E27: =C27 -> 0 | F27: =IF(C27=1,(D27-E27)/D27,1) -> 1 | G27: =G26*F27 -> 0.92959586 | H27: =IF(AND(C27=1,D27-E27>0),E27/(D27*(D27-E27)),0) -> 0 | I27: =I26+H27 -> 0.00038102437 | J27: =G27*SQRT(I27) -> 0.018145568 | K27: =IF(OR(G27>=1,G27<=0),"",G27^EXP($B$5*SQRT(I27)/ABS(LN(G27)))) -> 0.88400292 | L27: =IF(OR(G27>=1,G27<=0),"",G27^EXP(-$B$5*SQRT(I27)/ABS(LN(G27)))) -> 0.9576931
A28: 21 | B28: =Metodo_Grafico!B28 -> 1265.2 | C28: =Metodo_Grafico!C28 -> 0 | D28: =$B$4-A28+1 -> 180 | E28: =C28 -> 0 | F28: =IF(C28=1,(D28-E28)/D28,1) -> 1 | G28: =G27*F28 -> 0.92959586 | H28: =IF(AND(C28=1,D28-E28>0),E28/(D28*(D28-E28)),0) -> 0 | I28: =I27+H28 -> 0.00038102437 | J28: =G28*SQRT(I28) -> 0.018145568 | K28: =IF(OR(G28>=1,G28<=0),"",G28^EXP($B$5*SQRT(I28)/ABS(LN(G28)))) -> 0.88400292 | L28: =IF(OR(G28>=1,G28<=0),"",G28^EXP(-$B$5*SQRT(I28)/ABS(LN(G28)))) -> 0.9576931
A29: 22 | B29: =Metodo_Grafico!B29 -> 1308.3 | C29: =Metodo_Grafico!C29 -> 0 | D29: =$B$4-A29+1 -> 179 | E29: =C29 -> 0 | F29: =IF(C29=1,(D29-E29)/D29,1) -> 1 | G29: =G28*F29 -> 0.92959586 | H29: =IF(AND(C29=1,D29-E29>0),E29/(D29*(D29-E29)),0) -> 0 | I29: =I28+H29 -> 0.00038102437 | J29: =G29*SQRT(I29) -> 0.018145568 | K29: =IF(OR(G29>=1,G29<=0),"",G29^EXP($B$5*SQRT(I29)/ABS(LN(G29)))) -> 0.88400292 | L29: =IF(OR(G29>=1,G29<=0),"",G29^EXP(-$B$5*SQRT(I29)/ABS(LN(G29)))) -> 0.9576931
A30: 23 | B30: =Metodo_Grafico!B30 -> 1360.3 | C30: =Metodo_Grafico!C30 -> 1 | D30: =$B$4-A30+1 -> 178 | E30: =C30 -> 1 | F30: =IF(C30=1,(D30-E30)/D30,1) -> 0.99438202 | G30: =G29*F30 -> 0.92437341 | H30: =IF(AND(C30=1,D30-E30>0),E30/(D30*(D30-E30)),0) -> 3.1739986e-05 | I30: =I29+H30 -> 0.00041276435 | J30: =G30*SQRT(I30) -> 0.018780128 | K30: =IF(OR(G30>=1,G30<=0),"",G30^EXP($B$5*SQRT(I30)/ABS(LN(G30)))) -> 0.87767279 | L30: =IF(OR(G30>=1,G30<=0),"",G30^EXP(-$B$5*SQRT(I30)/ABS(LN(G30)))) -> 0.95371097
A31: 24 | B31: =Metodo_Grafico!B31 -> 1392.9 | C31: =Metodo_Grafico!C31 -> 1 | D31: =$B$4-A31+1 -> 177 | E31: =C31 -> 1 | F31: =IF(C31=1,(D31-E31)/D31,1) -> 0.99435028 | G31: =G30*F31 -> 0.91915096 | H31: =IF(AND(C31=1,D31-E31>0),E31/(D31*(D31-E31)),0) -> 3.2100668e-05 | I31: =I30+H31 -> 0.00044486502 | J31: =G31*SQRT(I31) -> 0.01938657 | K31: =IF(OR(G31>=1,G31<=0),"",G31^EXP($B$5*SQRT(I31)/ABS(LN(G31)))) -> 0.8713941 | L31: =IF(OR(G31>=1,G31<=0),"",G31^EXP(-$B$5*SQRT(I31)/ABS(LN(G31)))) -> 0.94968099
A32: 25 | B32: =Metodo_Grafico!B32 -> 1441.9 | C32: =Metodo_Grafico!C32 -> 1 | D32: =$B$4-A32+1 -> 176 | E32: =C32 -> 1 | F32: =IF(C32=1,(D32-E32)/D32,1) -> 0.99431818 | G32: =G31*F32 -> 0.91392851 | H32: =IF(AND(C32=1,D32-E32>0),E32/(D32*(D32-E32)),0) -> 3.2467532e-05 | I32: =I31+H32 -> 0.00047733255 | J32: =G32*SQRT(I32) -> 0.019967457 | K32: =IF(OR(G32>=1,G32<=0),"",G32^EXP($B$5*SQRT(I32)/ABS(LN(G32)))) -> 0.86516223 | L32: =IF(OR(G32>=1,G32<=0),"",G32^EXP(-$B$5*SQRT(I32)/ABS(LN(G32)))) -> 0.94560713
A33: 26 | B33: =Metodo_Grafico!B33 -> 1442.2 | C33: =Metodo_Grafico!C33 -> 1 | D33: =$B$4-A33+1 -> 175 | E33: =C33 -> 1 | F33: =IF(C33=1,(D33-E33)/D33,1) -> 0.99428571 | G33: =G32*F33 -> 0.90870607 | H33: =IF(AND(C33=1,D33-E33>0),E33/(D33*(D33-E33)),0) -> 3.2840722e-05 | I33: =I32+H33 -> 0.00051017328 | J33: =G33*SQRT(I33) -> 0.020524958 | K33: =IF(OR(G33>=1,G33<=0),"",G33^EXP($B$5*SQRT(I33)/ABS(LN(G33)))) -> 0.85897325 | L33: =IF(OR(G33>=1,G33<=0),"",G33^EXP(-$B$5*SQRT(I33)/ABS(LN(G33)))) -> 0.94149278
... A207: 200 | B207: =Metodo_Grafico!B207 -> 9165.7 | C207: =Metodo_Grafico!C207 -> 0 | D207: =$B$4-A207+1 -> 1 | E207: =C207 -> 0 | F207: =IF(C207=1,(D207-E207)/D207,1) -> 1 | G207: =G206*F207 -> 0.075302996 | H207: =IF(AND(C207=1,D207-E207>0),E207/(D207*(D207-E207)),0) -> 0 | I207: =I206+H207 -> 0.19572607 | J207: =G207*SQRT(I207) -> 0.033314753 | K207: =IF(OR(G207>=1,G207<=0),"",G207^EXP($B$5*SQRT(I207)/ABS(LN(G207)))) -> 0.026879101 | L207: =IF(OR(G207>=1,G207<=0),"",G207^EXP(-$B$5*SQRT(I207)/ABS(LN(G207)))) -> 0.15731276

Sheet Comparacion
A1: prematuras
A2: Metodo grafico (regresion de rangos), maxima verosimilitud y estimador no parametrico de Kaplan-Meier.
A4: Concepto | B4: Metodo grafico (RRY) | C4: Maxima verosimilitud (MLE) | D4: Kaplan-Meier | E4: Comentario | I4: Resumen de bondad de ajuste
A5: Parametro de forma BETA | B5: =Metodo_Grafico!$P$15 -> 1.9091803 | C5: =Max_Verosimilitud!$I$5 -> 1.9476758 | D5: No aplica | E5: BETA > 1 indica desgaste progresivo | I5: R cuadrado del papel Weibull | J5: =Metodo_Grafico!$P$19 -> 0.98984743
A6: Parametro de escala ETA (h) | B6: =Metodo_Grafico!$P$16 -> 5123.1482 | C6: =Max_Verosimilitud!$I$6 -> 5099.776 | D6: No aplica | E6: Vida caracteristica: 63.2% han fallado | I6: Kolmogorov-Smirnov D | J6: =Max_Verosimilitud!$N$13 -> 0.049058692
A7: Error estandar de BETA | B7: No disponible | C7: =Max_Verosimilitud!$I$28 -> 0.13715431 | D7: No aplica | E7: Solo MLE entrega inferencia formal | I7: K-S valor critico (5%) | J7: =Max_Verosimilitud!$N$14 -> 0.12312861
A8: IC 95% de BETA — inferior | B8: No disponible | C8: =Max_Verosimilitud!$I$30 -> 1.6965845 | D8: No aplica | E8: Escala logaritmica | I8: Prueba LR contra exponencial | J8: =Max_Verosimilitud!$N$8 -> 65.325944
A9: IC 95% de BETA — superior | B9: No disponible | C9: =Max_Verosimilitud!$I$31 -> 2.2359281 | D9: No aplica | E9: Escala logaritmica | I9: valor p de la prueba LR | J9: =Max_Verosimilitud!$N$9 -> 6.3480105e-16
A10: log-verosimilitud | B10: No aplica | C10: =Max_Verosimilitud!$I$7 -> -1145.2921 | D10: No aplica | E10: Base de las pruebas LR / AIC | I10: AIC Weibull | J10: =Max_Verosimilitud!$N$18 -> 2294.5842
A11: MTTF (h) | B11: =Metodo_Grafico!$P$21 -> 4545.4076 | C11: =Max_Verosimilitud!$I$10 -> 4522.1544 | D11: No estimable | E11: KM no extrapola: la cola queda abierta | I11: AIC Exponencial | J11: =Max_Verosimilitud!$N$19 -> 2357.9101
A12: Mediana de vida (h) | B12: =Metodo_Grafico!$P$22 -> 4228.2795 | C12: =Max_Verosimilitud!$I$11 -> 4224.9904 | D12: =Kaplan_Meier!$O$5 -> 4118.5 | E12: Las tres son comparables | I12: Modelo preferido | J12: =Max_Verosimilitud!$N$21 -> Weibull de 2 parametros
A13: Vida B10 (h) | B13: =Metodo_Grafico!$P$23 -> 1576.2688 | C13: =Max_Verosimilitud!$I$12 -> 1606.0616 | D13: No estimable | E13: Criterio tipico de mantenimiento
I14: Diferencia relativa en BETA | J14: =ABS(B5-C5)/C5 -> 0.019764829
A15: Confiabilidad estimada R(t) por los tres metodos | I15: Diferencia relativa en ETA | J15: =ABS(B6-C6)/C6 -> 0.0045829951
A16: t (h) | B16: R(t) Metodo grafico | C16: R(t) MLE Weibull | D16: R(t) Kaplan-Meier | E16: KM — IC inferior | F16: KM — IC superior | G16: Diferencia MLE vs. KM
A17: 1000 | B17: =EXP(-((A17/Metodo_Grafico!$P$16)^Metodo_Grafico!$P$15)) -> 0.95676806 | C17: =EXP(-((A17/Max_Verosimilitud!$I$6)^Max_Verosimilitud!$I$5)) -> 0.95899288 | D17: =IFERROR(LOOKUP(A17,Kaplan_Meier!$B$8:$B$207,Kaplan_Meier!$G$8:$G$207),1) -> 0.95 | E17: =IFERROR(LOOKUP(A17,Kaplan_Meier!$B$8:$B$207,Kaplan_Meier!$K$8:$K$207),"") -> 0.90906609 | F17: =IFERROR(LOOKUP(A17,Kaplan_Meier!$B$8:$B$207,Kaplan_Meier!$L$8:$L$207),"") -> 0.97278059 | G17: =C17-D17 -> 0.0089928811
A18: 2000 | B18: =EXP(-((A18/Metodo_Grafico!$P$16)^Metodo_Grafico!$P$15)) -> 0.84705319 | C18: =EXP(-((A18/Max_Verosimilitud!$I$6)^Max_Verosimilitud!$I$5)) -> 0.85084876 | D18: =IFERROR(LOOKUP(A18,Kaplan_Meier!$B$8:$B$207,Kaplan_Meier!$G$8:$G$207),1) -> 0.87538059 | E18: =IFERROR(LOOKUP(A18,Kaplan_Meier!$B$8:$B$207,Kaplan_Meier!$K$8:$K$207),"") -> 0.81967729 | F18: =IFERROR(LOOKUP(A18,Kaplan_Meier!$B$8:$B$207,Kaplan_Meier!$L$8:$L$207),"") -> 0.91476497 | G18: =C18-D18 -> -0.024531824 | I18: Conclusiones
A19: 3000 | B19: =EXP(-((A19/Metodo_Grafico!$P$16)^Metodo_Grafico!$P$15)) -> 0.69769132 | C19: =EXP(-((A19/Max_Verosimilitud!$I$6)^Max_Verosimilitud!$I$5)) -> 0.70061765 | D19: =IFERROR(LOOKUP(A19,Kaplan_Meier!$B$8:$B$207,Kaplan_Meier!$G$8:$G$207),1) -> 0.72015613 | E19: =IFERROR(LOOKUP(A19,Kaplan_Meier!$B$8:$B$207,Kaplan_Meier!$K$8:$K$207),"") -> 0.64729092 | F19: =IFERROR(LOOKUP(A19,Kaplan_Meier!$B$8:$B$207,Kaplan_Meier!$L$8:$L$207),"") -> 0.78053476 | G19: =C19-D19 -> -0.019538476 | I19: 1) Los tres enfoques coinciden: el metodo grafico y la maxima verosimilitud entregan valores de BETA y ETA muy proximos, y ambos reproducen la curva empirica de Kaplan-Meier dentro de su banda de confianza. 2) BETA claramente mayor que 1, con un intervalo de confianza que no contiene el valor 1, confirma desgaste progresivo. Esto se refuerza con la prueba de razon de verosimilitud, que rechaza el modelo exponencial. En terminos de gestion: el reemplazo preventivo por edad tiene sentido tecnico en esta flota. 3) Cuando usar cada uno. Kaplan-Meier es el diagnostico inicial sin supuestos y es el unico honesto cuando la forma de la distribucion es dudosa, pero no extrapola ni resume en parametros. El metodo grafico es transparente y facil de auditar, aunque sus errores estandar no son confiables. La maxima verosimilitud es la referencia para decisiones: usa toda la informacion de las censuras, es asintoticamente eficiente y es la unica que entrega intervalos de confianza y pruebas formales. 4) Limitacion. Todo lo anterior supone censura no informativa: el motivo del retiro de una unidad debe ser independiente de su riesgo de falla. Si se retiran preventivamente los equipos que ya muestran sintomas, el supuesto se rompe y los tres metodos sobreestiman la confiabilidad.
A20: 4000 | B20: =EXP(-((A20/Metodo_Grafico!$P$16)^Metodo_Grafico!$P$15)) -> 0.53608747 | C20: =EXP(-((A20/Max_Verosimilitud!$I$6)^Max_Verosimilitud!$I$5)) -> 0.53629496 | D20: =IFERROR(LOOKUP(A20,Kaplan_Meier!$B$8:$B$207,Kaplan_Meier!$G$8:$G$207),1) -> 0.51588682 | E20: =IFERROR(LOOKUP(A20,Kaplan_Meier!$B$8:$B$207,Kaplan_Meier!$K$8:$K$207),"") -> 0.43417655 | F20: =IFERROR(LOOKUP(A20,Kaplan_Meier!$B$8:$B$207,Kaplan_Meier!$L$8:$L$207),"") -> 0.5915132 | G20: =C20-D20 -> 0.020408133
A21: 5000 | B21: =EXP(-((A21/Metodo_Grafico!$P$16)^Metodo_Grafico!$P$15)) -> 0.38496236 | C21: =EXP(-((A21/Max_Verosimilitud!$I$6)^Max_Verosimilitud!$I$5)) -> 0.38203329 | D21: =IFERROR(LOOKUP(A21,Kaplan_Meier!$B$8:$B$207,Kaplan_Meier!$G$8:$G$207),1) -> 0.38662426 | E21: =IFERROR(LOOKUP(A21,Kaplan_Meier!$B$8:$B$207,Kaplan_Meier!$K$8:$K$207),"") -> 0.3059127 | F21: =IFERROR(LOOKUP(A21,Kaplan_Meier!$B$8:$B$207,Kaplan_Meier!$L$8:$L$207),"") -> 0.46652766 | G21: =C21-D21 -> -0.0045909715
A22: 6000 | B22: =EXP(-((A22/Metodo_Grafico!$P$16)^Metodo_Grafico!$P$15)) -> 0.25870584 | C22: =EXP(-((A22/Max_Verosimilitud!$I$6)^Max_Verosimilitud!$I$5)) -> 0.25347741 | D22: =IFERROR(LOOKUP(A22,Kaplan_Meier!$B$8:$B$207,Kaplan_Meier!$G$8:$G$207),1) -> 0.2198319 | E22: =IFERROR(LOOKUP(A22,Kaplan_Meier!$B$8:$B$207,Kaplan_Meier!$K$8:$K$207),"") -> 0.14927588 | F22: =IFERROR(LOOKUP(A22,Kaplan_Meier!$B$8:$B$207,Kaplan_Meier!$L$8:$L$207),"") -> 0.29921379 | G22: =C22-D22 -> 0.033645506
A23: 7000 | B23: =EXP(-((A23/Metodo_Grafico!$P$16)^Metodo_Grafico!$P$15)) -> 0.16288283 | C23: =EXP(-((A23/Max_Verosimilitud!$I$6)^Max_Verosimilitud!$I$5)) -> 0.15675183 | D23: =IFERROR(LOOKUP(A23,Kaplan_Meier!$B$8:$B$207,Kaplan_Meier!$G$8:$G$207),1) -> 0.16064639 | E23: =IFERROR(LOOKUP(A23,Kaplan_Meier!$B$8:$B$207,Kaplan_Meier!$K$8:$K$207),"") -> 0.097208678 | F23: =IFERROR(LOOKUP(A23,Kaplan_Meier!$B$8:$B$207,Kaplan_Meier!$L$8:$L$207),"") -> 0.23824216 | G23: =C23-D23 -> -0.0038945625
A24: 8000 | B24: =EXP(-((A24/Metodo_Grafico!$P$16)^Metodo_Grafico!$P$15)) -> 0.096165861 | C24: =EXP(-((A24/Max_Verosimilitud!$I$6)^Max_Verosimilitud!$I$5)) -> 0.090399877 | D24: =IFERROR(LOOKUP(A24,Kaplan_Meier!$B$8:$B$207,Kaplan_Meier!$G$8:$G$207),1) -> 0.10040399 | E24: =IFERROR(LOOKUP(A24,Kaplan_Meier!$B$8:$B$207,Kaplan_Meier!$K$8:$K$207),"") -> 0.046926287 | F24: =IFERROR(LOOKUP(A24,Kaplan_Meier!$B$8:$B$207,Kaplan_Meier!$L$8:$L$207),"") -> 0.17780845 | G24: =C24-D24 -> -0.010004117
A27: Datos para el grafico comparativo
A28: t (h) | B28: R(t) Metodo grafico | C28: R(t) MLE Weibull | D28: R(t) Kaplan-Meier
A29: 0 | B29: =EXP(-((A29/Metodo_Grafico!$P$16)^Metodo_Grafico!$P$15)) -> 1 | C29: =EXP(-((A29/Max_Verosimilitud!$I$6)^Max_Verosimilitud!$I$5)) -> 1 | D29: =IFERROR(LOOKUP(A29,Kaplan_Meier!$B$8:$B$207,Kaplan_Meier!$G$8:$G$207),1) -> 1
A30: 200 | B30: =EXP(-((A30/Metodo_Grafico!$P$16)^Metodo_Grafico!$P$15)) -> 0.99795609 | C30: =EXP(-((A30/Max_Verosimilitud!$I$6)^Max_Verosimilitud!$I$5)) -> 0.99817964 | D30: =IFERROR(LOOKUP(A30,Kaplan_Meier!$B$8:$B$207,Kaplan_Meier!$G$8:$G$207),1) -> 1
A31: 400 | B31: =EXP(-((A31/Metodo_Grafico!$P$16)^Metodo_Grafico!$P$15)) -> 0.99234475 | C31: =EXP(-((A31/Max_Verosimilitud!$I$6)^Max_Verosimilitud!$I$5)) -> 0.99299616 | D31: =IFERROR(LOOKUP(A31,Kaplan_Meier!$B$8:$B$207,Kaplan_Meier!$G$8:$G$207),1) -> 1
A32: 600 | B32: =EXP(-((A32/Metodo_Grafico!$P$16)^Metodo_Grafico!$P$15)) -> 0.98347266 | C32: =EXP(-((A32/Max_Verosimilitud!$I$6)^Max_Verosimilitud!$I$5)) -> 0.98463711 | D32: =IFERROR(LOOKUP(A32,Kaplan_Meier!$B$8:$B$207,Kaplan_Meier!$G$8:$G$207),1) -> 0.98
A33: 800 | B33: =EXP(-((A33/Metodo_Grafico!$P$16)^Metodo_Grafico!$P$15)) -> 0.97154918 | C33: =EXP(-((A33/Max_Verosimilitud!$I$6)^Max_Verosimilitud!$I$5)) -> 0.97325168 | D33: =IFERROR(LOOKUP(A33,Kaplan_Meier!$B$8:$B$207,Kaplan_Meier!$G$8:$G$207),1) -> 0.97
A34: 1000 | B34: =EXP(-((A34/Metodo_Grafico!$P$16)^Metodo_Grafico!$P$15)) -> 0.95676806 | C34: =EXP(-((A34/Max_Verosimilitud!$I$6)^Max_Verosimilitud!$I$5)) -> 0.95899288 | D34: =IFERROR(LOOKUP(A34,Kaplan_Meier!$B$8:$B$207,Kaplan_Meier!$G$8:$G$207),1) -> 0.95
A35: 1200 | B35: =EXP(-((A35/Metodo_Grafico!$P$16)^Metodo_Grafico!$P$15)) -> 0.93932413 | C35: =EXP(-((A35/Max_Verosimilitud!$I$6)^Max_Verosimilitud!$I$5)) -> 0.94202575 | D35: =IFERROR(LOOKUP(A35,Kaplan_Meier!$B$8:$B$207,Kaplan_Meier!$G$8:$G$207),1) -> 0.93473175
A36: 1400 | B36: =EXP(-((A36/Metodo_Grafico!$P$16)^Metodo_Grafico!$P$15)) -> 0.91941853 | C36: =EXP(-((A36/Max_Verosimilitud!$I$6)^Max_Verosimilitud!$I$5)) -> 0.92252928 | D36: =IFERROR(LOOKUP(A36,Kaplan_Meier!$B$8:$B$207,Kaplan_Meier!$G$8:$G$207),1) -> 0.91915096
A37: 1600 | B37: =EXP(-((A37/Metodo_Grafico!$P$16)^Metodo_Grafico!$P$15)) -> 0.89725996 | C37: =EXP(-((A37/Max_Verosimilitud!$I$6)^Max_Verosimilitud!$I$5)) -> 0.90069607 | D37: =IFERROR(LOOKUP(A37,Kaplan_Meier!$B$8:$B$207,Kaplan_Meier!$G$8:$G$207),1) -> 0.90345343
A38: 1800 | B38: =EXP(-((A38/Metodo_Grafico!$P$16)^Metodo_Grafico!$P$15)) -> 0.87306429 | C38: =EXP(-((A38/Max_Verosimilitud!$I$6)^Max_Verosimilitud!$I$5)) -> 0.8767309 | D38: =IFERROR(LOOKUP(A38,Kaplan_Meier!$B$8:$B$207,Kaplan_Meier!$G$8:$G$207),1) -> 0.89243488
A39: 2000 | B39: =EXP(-((A39/Metodo_Grafico!$P$16)^Metodo_Grafico!$P$15)) -> 0.84705319 | C39: =EXP(-((A39/Max_Verosimilitud!$I$6)^Max_Verosimilitud!$I$5)) -> 0.85084876 | D39: =IFERROR(LOOKUP(A39,Kaplan_Meier!$B$8:$B$207,Kaplan_Meier!$G$8:$G$207),1) -> 0.87538059
A40: 2200 | B40: =EXP(-((A40/Metodo_Grafico!$P$16)^Metodo_Grafico!$P$15)) -> 0.81945237 | C40: =EXP(-((A40/Max_Verosimilitud!$I$6)^Max_Verosimilitud!$I$5)) -> 0.8232725 | D40: =IFERROR(LOOKUP(A40,Kaplan_Meier!$B$8:$B$207,Kaplan_Meier!$G$8:$G$207),1) -> 0.82941442
... A79: 10000 | B79: =EXP(-((A79/Metodo_Grafico!$P$16)^Metodo_Grafico!$P$15)) -> 0.027723565 | C79: =EXP(-((A79/Max_Verosimilitud!$I$6)^Max_Verosimilitud!$I$5)) -> 0.024431189 | D79: =IFERROR(LOOKUP(A79,Kaplan_Meier!$B$8:$B$207,Kaplan_Meier!$G$8:$G$207),1) -> 0.075302996

Sheet Bayes_Simple
A1: WEIBULL BAYESIANO SIMPLE — β FIJO Y ACTUALIZACIÓN GAMMA
A2: Versión fácil de replicar: se fija β en el MLE y se actualiza λ = 1/η^β usando todas las fallas y censuras.
A4: Idea: con β conocido, λ tiene prior Gamma(a₀,b₀) y posterior Gamma(a₀+r, b₀+Σtᵢ^β). b usa parametrización de tasa.
A6: ENTRADAS | B6: Valor | D6: COMPARACIÓN | E6: MLE | F6: Bayes simple | G6: CÓMO REPLICAR | H6: Detalle
A7: β fijado (desde MLE) | B7: =Max_Verosimilitud!I5 -> 1.9476758 | D7: β | E7: =Max_Verosimilitud!I5 -> 1.9476758 | F7: =B7 -> 1.9476758 | G7: 1 | H7: Copie tiempos t y estado d.
A8: N observaciones | B8: =Datos!I4 -> 200 | D8: η (h) | E8: =Max_Verosimilitud!I6 -> 5099.776 | F8: =B19 -> 5157.1997 | G8: 2 | H8: Obtenga β por MLE.
A9: r fallas | B9: =Datos!I5 -> 122 | D9: MTTF (h) | E9: =Max_Verosimilitud!I10 -> 4522.1544 | F9: =B22 -> 4573.0742 | G9: 3 | H9: Elija a₀ y η₀; a₀=1 equivale a un pseudo-fallo.
A10: a₀ prior (pseudo-fallas) | B10: 1 | D10: Mediana (h) | E10: =Max_Verosimilitud!I11 -> 4224.9904 | F10: =B23 -> 4272.564 | G10: 4 | H10: Calcule Sβ con todos los tiempos, incluidos censurados.
A11: η₀ prior (h) | B11: 10000 | D11: B10 (h) | E11: =Max_Verosimilitud!I12 -> 1606.0616 | F11: =B24 -> 1624.5031 | G11: 5 | H11: Actualice a₁ y b₁; luego calcule η, vidas y R(t).
A12: b₀ = η₀^β (tasa) | B12: =POWER(B11,B7) -> 61759424
A14: POSTERIOR | B14: Resultado | G14: LECTURA | H14: Interpretación
A15: Exposición Sβ = Σtᵢ^β | B15: {=SUMPRODUCT(POWER(Datos!$C$5:$C$204,$B$7))} -> 2.0298662e+09 | G15: β fijo | H15: Reduce el problema a una actualización conjugada y auditable.
A16: a₁ = a₀ + r | B16: =B10+B9 -> 123 | G16: Censuras | H16: Aportan exposición tᵢ^β aunque no suman fallas.
A17: b₁ = b₀ + Sβ | B17: =B12+B15 -> 2.0916257e+09 | G17: Prior | H17: Con 122 fallas, a₀=1 tiene influencia pequeña.
A18: Media posterior de λ | B18: =B16/B17 -> 5.8805934e-08 | G18: Alcance | H18: Es una aproximación didáctica; un Bayes completo también estima β.
A19: η posterior (plug-in, h) | B19: =POWER(1/B18,1/B7) -> 5157.1997
A20: IC 95% η — inferior (h) | B20: =POWER(_xlfn.GAMMA.INV(0.975,B16,1/B17),-1/B7) -> 4728.2174
A21: IC 95% η — superior (h) | B21: =POWER(_xlfn.GAMMA.INV(0.025,B16,1/B17),-1/B7) -> 5671.0982
A22: MTTF posterior (h) | B22: =B19*_xlfn.GAMMA(1+1/B7) -> 4573.0742
A23: Mediana posterior (h) | B23: =B19*POWER(LN(2),1/B7) -> 4272.564
A24: Vida B10 posterior predictiva (h) | B24: =POWER(B17*(POWER(0.9,-1/B16)-1),1/B7) -> 1624.5031
A27: CONFIABILIDAD POSTERIOR PREDICTIVA
A28: t (h) | B28: R(t) Bayes | C28: R(t) MLE | D28: IC 95% inferior | E28: IC 95% superior
A29: 1000 | B29: =POWER($B$17/($B$17+POWER(A29,$B$7)),$B$16) -> 0.95986605 | C29: =EXP(-POWER(A29/Max_Verosimilitud!$I$6,Max_Verosimilitud!$I$5)) -> 0.95899288 | D29: =EXP(-_xlfn.GAMMA.INV(0.975,$B$16,1/$B$17)*POWER(A29,$B$7)) -> 0.95263963 | E29: =EXP(-_xlfn.GAMMA.INV(0.025,$B$16,1/$B$17)*POWER(A29,$B$7)) -> 0.96652442
A30: 2000 | B30: =POWER($B$17/($B$17+POWER(A30,$B$7)),$B$16) -> 0.85390523 | C30: =EXP(-POWER(A30/Max_Verosimilitud!$I$6,Max_Verosimilitud!$I$5)) -> 0.85084876 | D30: =EXP(-_xlfn.GAMMA.INV(0.975,$B$16,1/$B$17)*POWER(A30,$B$7)) -> 0.82930963 | E30: =EXP(-_xlfn.GAMMA.INV(0.025,$B$16,1/$B$17)*POWER(A30,$B$7)) -> 0.87691625
A31: 3000 | B31: =POWER($B$17/($B$17+POWER(A31,$B$7)),$B$16) -> 0.70636301 | C31: =EXP(-POWER(A31/Max_Verosimilitud!$I$6,Max_Verosimilitud!$I$5)) -> 0.70061765 | D31: =EXP(-_xlfn.GAMMA.INV(0.975,$B$16,1/$B$17)*POWER(A31,$B$7)) -> 0.66214301 | E31: =EXP(-_xlfn.GAMMA.INV(0.025,$B$16,1/$B$17)*POWER(A31,$B$7)) -> 0.74877268
A32: 4000 | B32: =POWER($B$17/($B$17+POWER(A32,$B$7)),$B$16) -> 0.54437109 | C32: =EXP(-POWER(A32/Max_Verosimilitud!$I$6,Max_Verosimilitud!$I$5)) -> 0.53629496 | D32: =EXP(-_xlfn.GAMMA.INV(0.975,$B$16,1/$B$17)*POWER(A32,$B$7)) -> 0.48578892 | E32: =EXP(-_xlfn.GAMMA.INV(0.025,$B$16,1/$B$17)*POWER(A32,$B$7)) -> 0.60250335
A33: 5000 | B33: =POWER($B$17/($B$17+POWER(A33,$B$7)),$B$16) -> 0.39144719 | C33: =EXP(-POWER(A33/Max_Verosimilitud!$I$6,Max_Verosimilitud!$I$5)) -> 0.38203329 | D33: =EXP(-_xlfn.GAMMA.INV(0.975,$B$16,1/$B$17)*POWER(A33,$B$7)) -> 0.32791508 | E33: =EXP(-_xlfn.GAMMA.INV(0.025,$B$16,1/$B$17)*POWER(A33,$B$7)) -> 0.45727517
A34: 6000 | B34: =POWER($B$17/($B$17+POWER(A34,$B$7)),$B$16) -> 0.26300153 | C34: =EXP(-POWER(A34/Max_Verosimilitud!$I$6,Max_Verosimilitud!$I$5)) -> 0.25347741 | D34: =EXP(-_xlfn.GAMMA.INV(0.975,$B$16,1/$B$17)*POWER(A34,$B$7)) -> 0.20385292 | E34: =EXP(-_xlfn.GAMMA.INV(0.025,$B$16,1/$B$17)*POWER(A34,$B$7)) -> 0.32756828
A35: 7000 | B35: =POWER($B$17/($B$17+POWER(A35,$B$7)),$B$16) -> 0.16531831 | C35: =EXP(-POWER(A35/Max_Verosimilitud!$I$6,Max_Verosimilitud!$I$5)) -> 0.15675183 | D35: =EXP(-_xlfn.GAMMA.INV(0.975,$B$16,1/$B$17)*POWER(A35,$B$7)) -> 0.11680347 | E35: =EXP(-_xlfn.GAMMA.INV(0.025,$B$16,1/$B$17)*POWER(A35,$B$7)) -> 0.22160103
A36: 8000 | B36: =POWER($B$17/($B$17+POWER(A36,$B$7)),$B$16) -> 0.097347853 | C36: =EXP(-POWER(A36/Max_Verosimilitud!$I$6,Max_Verosimilitud!$I$5)) -> 0.090399877 | D36: =EXP(-_xlfn.GAMMA.INV(0.975,$B$16,1/$B$17)*POWER(A36,$B$7)) -> 0.061725347 | E36: =EXP(-_xlfn.GAMMA.INV(0.025,$B$16,1/$B$17)*POWER(A36,$B$7)) -> 0.14164067
A37: 9000 | B37: =POWER($B$17/($B$17+POWER(A37,$B$7)),$B$16) -> 0.053770605 | C37: =EXP(-POWER(A37/Max_Verosimilitud!$I$6,Max_Verosimilitud!$I$5)) -> 0.048642591 | D37: =EXP(-_xlfn.GAMMA.INV(0.975,$B$16,1/$B$17)*POWER(A37,$B$7)) -> 0.030101331 | E37: =EXP(-_xlfn.GAMMA.INV(0.025,$B$16,1/$B$17)*POWER(A37,$B$7)) -> 0.085570206
A38: 10000 | B38: =POWER($B$17/($B$17+POWER(A38,$B$7)),$B$16) -> 0.027897035 | C38: =EXP(-POWER(A38/Max_Verosimilitud!$I$6,Max_Verosimilitud!$I$5)) -> 0.024431189 | D38: =EXP(-_xlfn.GAMMA.INV(0.975,$B$16,1/$B$17)*POWER(A38,$B$7)) -> 0.013553051 | E38: =EXP(-_xlfn.GAMMA.INV(0.025,$B$16,1/$B$17)*POWER(A38,$B$7)) -> 0.04887946
A39: 11000 | B39: =POWER($B$17/($B$17+POWER(A39,$B$7)),$B$16) -> 0.013613236 | C39: =EXP(-POWER(A39/Max_Verosimilitud!$I$6,Max_Verosimilitud!$I$5)) -> 0.0114582 | D39: =EXP(-_xlfn.GAMMA.INV(0.975,$B$16,1/$B$17)*POWER(A39,$B$7)) -> 0.0056364889 | E39: =EXP(-_xlfn.GAMMA.INV(0.025,$B$16,1/$B$17)*POWER(A39,$B$7)) -> 0.026407876
A40: 12000 | B40: =POWER($B$17/($B$17+POWER(A40,$B$7)),$B$16) -> 0.0062569994 | C40: =EXP(-POWER(A40/Max_Verosimilitud!$I$6,Max_Verosimilitud!$I$5)) -> 0.0050197295 | D40: =EXP(-_xlfn.GAMMA.INV(0.975,$B$16,1/$B$17)*POWER(A40,$B$7)) -> 0.0021660688 | E40: =EXP(-_xlfn.GAMMA.INV(0.025,$B$16,1/$B$17)*POWER(A40,$B$7)) -> 0.013497842
... A45: 17000 | B45: =POWER($B$17/($B$17+POWER(A45,$B$7)),$B$16) -> 5.5065448e-05 | C45: =EXP(-POWER(A45/Max_Verosimilitud!$I$6,Max_Verosimilitud!$I$5)) -> 2.9426051e-05 | D45: =EXP(-_xlfn.GAMMA.INV(0.975,$B$16,1/$B$17)*POWER(A45,$B$7)) -> 5.6157891e-06 | E45: =EXP(-_xlfn.GAMMA.INV(0.025,$B$16,1/$B$17)*POWER(A45,$B$7)) -> 0.00020668691

Sheet MonteCarlo_Weibull
A1: SIMULACIÓN MONTE CARLO — INCERTIDUMBRE EN PARÁMETROS WEIBULL
A2: Selector Normal MLE / Uniforme / Triangular / PERT; parámetros vinculados al MLE; 1,000 escenarios con P10, P50 y P90.
Y3: t (h) | Z3: R P10 | AA3: R P50 | AB3: R P90 | AD3: t (h) | AE3: f P10 | AF3: f P50 | AG3: f P90
A4: Distribución (switch) | B4: Normal MLE | I4: Percentil | J4: β | K4: η (h) | L4: R(t) | Y4: 0 | Z4: {=_xlfn.PERCENTILE.INC(EXP(-POWER(Y4/$E$16:$E$1015,$D$16:$D$1015)),0.1)} -> 1 | AA4: {=_xlfn.PERCENTILE.INC(EXP(-POWER(Y4/$E$16:$E$1015,$D$16:$D$1015)),0.5)} -> 1 | AB4: {=_xlfn.PERCENTILE.INC(EXP(-POWER(Y4/$E$16:$E$1015,$D$16:$D$1015)),0.9)} -> 1 | AD4: 0 | AE4: {=_xlfn.PERCENTILE.INC(($D$16:$D$1015/$E$16:$E$1015)*POWER(AD4/$E$16:$E$1015,$D$16:$D$1015-1)*EXP(-POWER(AD4/$E$16:$E$1015,$D$16:$D$1015)),0.1)} -> 0 | AF4: {=_xlfn.PERCENTILE.INC(($D$16:$D$1015/$E$16:$E$1015)*POWER(AD4/$E$16:$E$1015,$D$16:$D$1015-1)*EXP(-POWER(AD4/$E$16:$E$1015,$D$16:$D$1015)),0.5)} -> 0 | AG4: {=_xlfn.PERCENTILE.INC(($D$16:$D$1015/$E$16:$E$1015)*POWER(AD4/$E$16:$E$1015,$D$16:$D$1015-1)*EXP(-POWER(AD4/$E$16:$E$1015,$D$16:$D$1015)),0.9)} -> 0
A5: Iteraciones | B5: 1000 | I5: P10 | J5: =_xlfn.PERCENTILE.INC($D$16:$D$1015,0.1) -> 1.7850916 | K5: =_xlfn.PERCENTILE.INC($E$16:$E$1015,0.1) -> 4808.4427 | L5: =_xlfn.PERCENTILE.INC($F$16:$F$1015,0.1) -> 0.4951486 | Y5: 250 | Z5: {=_xlfn.PERCENTILE.INC(EXP(-POWER(Y5/$E$16:$E$1015,$D$16:$D$1015)),0.1)} -> 0.99530979 | AA5: {=_xlfn.PERCENTILE.INC(EXP(-POWER(Y5/$E$16:$E$1015,$D$16:$D$1015)),0.5)} -> 0.99718475 | AB5: {=_xlfn.PERCENTILE.INC(EXP(-POWER(Y5/$E$16:$E$1015,$D$16:$D$1015)),0.9)} -> 0.99839866 | AD5: 250 | AE5: {=_xlfn.PERCENTILE.INC(($D$16:$D$1015/$E$16:$E$1015)*POWER(AD5/$E$16:$E$1015,$D$16:$D$1015-1)*EXP(-POWER(AD5/$E$16:$E$1015,$D$16:$D$1015)),0.1)} -> 1.3741913e-05 | AF5: {=_xlfn.PERCENTILE.INC(($D$16:$D$1015/$E$16:$E$1015)*POWER(AD5/$E$16:$E$1015,$D$16:$D$1015-1)*EXP(-POWER(AD5/$E$16:$E$1015,$D$16:$D$1015)),0.5)} -> 2.194771e-05 | AG5: {=_xlfn.PERCENTILE.INC(($D$16:$D$1015/$E$16:$E$1015)*POWER(AD5/$E$16:$E$1015,$D$16:$D$1015-1)*EXP(-POWER(AD5/$E$16:$E$1015,$D$16:$D$1015)),0.9)} -> 3.3675212e-05
A6: λ PERT (concentración) | B6: 4 | I6: P50 | J6: =_xlfn.PERCENTILE.INC($D$16:$D$1015,0.5) -> 1.944008 | K6: =_xlfn.PERCENTILE.INC($E$16:$E$1015,0.5) -> 5093.1166 | L6: =_xlfn.PERCENTILE.INC($F$16:$F$1015,0.5) -> 0.53622194 | Y6: 500 | Z6: {=_xlfn.PERCENTILE.INC(EXP(-POWER(Y6/$E$16:$E$1015,$D$16:$D$1015)),0.1)} -> 0.98372313 | AA6: {=_xlfn.PERCENTILE.INC(EXP(-POWER(Y6/$E$16:$E$1015,$D$16:$D$1015)),0.5)} -> 0.98918508 | AB6: {=_xlfn.PERCENTILE.INC(EXP(-POWER(Y6/$E$16:$E$1015,$D$16:$D$1015)),0.9)} -> 0.99299527 | AD6: 500 | AE6: {=_xlfn.PERCENTILE.INC(($D$16:$D$1015/$E$16:$E$1015)*POWER(AD6/$E$16:$E$1015,$D$16:$D$1015-1)*EXP(-POWER(AD6/$E$16:$E$1015,$D$16:$D$1015)),0.1)} -> 2.9665881e-05 | AF6: {=_xlfn.PERCENTILE.INC(($D$16:$D$1015/$E$16:$E$1015)*POWER(AD6/$E$16:$E$1015,$D$16:$D$1015-1)*EXP(-POWER(AD6/$E$16:$E$1015,$D$16:$D$1015)),0.5)} -> 4.1988245e-05 | AG6: {=_xlfn.PERCENTILE.INC(($D$16:$D$1015/$E$16:$E$1015)*POWER(AD6/$E$16:$E$1015,$D$16:$D$1015-1)*EXP(-POWER(AD6/$E$16:$E$1015,$D$16:$D$1015)),0.9)} -> 5.7849501e-05
I7: P90 | J7: =_xlfn.PERCENTILE.INC($D$16:$D$1015,0.9) -> 2.1251755 | K7: =_xlfn.PERCENTILE.INC($E$16:$E$1015,0.9) -> 5441.4791 | L7: =_xlfn.PERCENTILE.INC($F$16:$F$1015,0.9) -> 0.58046167 | Y7: 750 | Z7: {=_xlfn.PERCENTILE.INC(EXP(-POWER(Y7/$E$16:$E$1015,$D$16:$D$1015)),0.1)} -> 0.96677609 | AA7: {=_xlfn.PERCENTILE.INC(EXP(-POWER(Y7/$E$16:$E$1015,$D$16:$D$1015)),0.5)} -> 0.97621969 | AB7: {=_xlfn.PERCENTILE.INC(EXP(-POWER(Y7/$E$16:$E$1015,$D$16:$D$1015)),0.9)} -> 0.98346703 | AD7: 750 | AE7: {=_xlfn.PERCENTILE.INC(($D$16:$D$1015/$E$16:$E$1015)*POWER(AD7/$E$16:$E$1015,$D$16:$D$1015-1)*EXP(-POWER(AD7/$E$16:$E$1015,$D$16:$D$1015)),0.1)} -> 4.6348156e-05 | AF7: {=_xlfn.PERCENTILE.INC(($D$16:$D$1015/$E$16:$E$1015)*POWER(AD7/$E$16:$E$1015,$D$16:$D$1015-1)*EXP(-POWER(AD7/$E$16:$E$1015,$D$16:$D$1015)),0.5)} -> 6.0903744e-05 | AG7: {=_xlfn.PERCENTILE.INC(($D$16:$D$1015/$E$16:$E$1015)*POWER(AD7/$E$16:$E$1015,$D$16:$D$1015-1)*EXP(-POWER(AD7/$E$16:$E$1015,$D$16:$D$1015)),0.9)} -> 7.8120239e-05
A8: Parámetro | B8: Mínimo | C8: Moda | D8: Máximo | E8: Error estándar | I8: Media | J8: =AVERAGE($D$16:$D$1015) -> 1.9483837 | K8: =AVERAGE($E$16:$E$1015) -> 5111.7938 | L8: =AVERAGE($F$16:$F$1015) -> 0.53653936 | Y8: 1000 | Z8: {=_xlfn.PERCENTILE.INC(EXP(-POWER(Y8/$E$16:$E$1015,$D$16:$D$1015)),0.1)} -> 0.94476861 | AA8: {=_xlfn.PERCENTILE.INC(EXP(-POWER(Y8/$E$16:$E$1015,$D$16:$D$1015)),0.5)} -> 0.95870501 | AB8: {=_xlfn.PERCENTILE.INC(EXP(-POWER(Y8/$E$16:$E$1015,$D$16:$D$1015)),0.9)} -> 0.96970568 | AD8: 1000 | AE8: {=_xlfn.PERCENTILE.INC(($D$16:$D$1015/$E$16:$E$1015)*POWER(AD8/$E$16:$E$1015,$D$16:$D$1015-1)*EXP(-POWER(AD8/$E$16:$E$1015,$D$16:$D$1015)),0.1)} -> 6.2716699e-05 | AF8: {=_xlfn.PERCENTILE.INC(($D$16:$D$1015/$E$16:$E$1015)*POWER(AD8/$E$16:$E$1015,$D$16:$D$1015-1)*EXP(-POWER(AD8/$E$16:$E$1015,$D$16:$D$1015)),0.5)} -> 7.8260115e-05 | AG8: {=_xlfn.PERCENTILE.INC(($D$16:$D$1015/$E$16:$E$1015)*POWER(AD8/$E$16:$E$1015,$D$16:$D$1015-1)*EXP(-POWER(AD8/$E$16:$E$1015,$D$16:$D$1015)),0.9)} -> 9.6191989e-05
A9: β (forma) | B9: =Max_Verosimilitud!$I$30 -> 1.6965845 | C9: =Max_Verosimilitud!$I$5 -> 1.9476758 | D9: =Max_Verosimilitud!$I$31 -> 2.2359281 | E9: =Max_Verosimilitud!$I$28 -> 0.13715431 | I9: P10/P90 delimitan el 80% central de escenarios simulados. | Y9: 1250 | Z9: {=_xlfn.PERCENTILE.INC(EXP(-POWER(Y9/$E$16:$E$1015,$D$16:$D$1015)),0.1)} -> 0.91904203 | AA9: {=_xlfn.PERCENTILE.INC(EXP(-POWER(Y9/$E$16:$E$1015,$D$16:$D$1015)),0.5)} -> 0.93705393 | AB9: {=_xlfn.PERCENTILE.INC(EXP(-POWER(Y9/$E$16:$E$1015,$D$16:$D$1015)),0.9)} -> 0.95192394 | AD9: 1250 | AE9: {=_xlfn.PERCENTILE.INC(($D$16:$D$1015/$E$16:$E$1015)*POWER(AD9/$E$16:$E$1015,$D$16:$D$1015-1)*EXP(-POWER(AD9/$E$16:$E$1015,$D$16:$D$1015)),0.1)} -> 7.8262314e-05 | AF9: {=_xlfn.PERCENTILE.INC(($D$16:$D$1015/$E$16:$E$1015)*POWER(AD9/$E$16:$E$1015,$D$16:$D$1015-1)*EXP(-POWER(AD9/$E$16:$E$1015,$D$16:$D$1015)),0.5)} -> 9.4469986e-05 | AG9: {=_xlfn.PERCENTILE.INC(($D$16:$D$1015/$E$16:$E$1015)*POWER(AD9/$E$16:$E$1015,$D$16:$D$1015-1)*EXP(-POWER(AD9/$E$16:$E$1015,$D$16:$D$1015)),0.9)} -> 0.00011155426
A10: η (escala, h) | B10: =Max_Verosimilitud!$I$32 -> 4655.2288 | C10: =Max_Verosimilitud!$I$6 -> 5099.776 | D10: =Max_Verosimilitud!$I$33 -> 5586.7748 | E10: =Max_Verosimilitud!$I$29 -> 237.3145 | Y10: 1500 | Z10: {=_xlfn.PERCENTILE.INC(EXP(-POWER(Y10/$E$16:$E$1015,$D$16:$D$1015)),0.1)} -> 0.88920483 | AA10: {=_xlfn.PERCENTILE.INC(EXP(-POWER(Y10/$E$16:$E$1015,$D$16:$D$1015)),0.5)} -> 0.91154419 | AB10: {=_xlfn.PERCENTILE.INC(EXP(-POWER(Y10/$E$16:$E$1015,$D$16:$D$1015)),0.9)} -> 0.93030133 | AD10: 1500 | AE10: {=_xlfn.PERCENTILE.INC(($D$16:$D$1015/$E$16:$E$1015)*POWER(AD10/$E$16:$E$1015,$D$16:$D$1015-1)*EXP(-POWER(AD10/$E$16:$E$1015,$D$16:$D$1015)),0.1)} -> 9.2830848e-05 | AF10: {=_xlfn.PERCENTILE.INC(($D$16:$D$1015/$E$16:$E$1015)*POWER(AD10/$E$16:$E$1015,$D$16:$D$1015-1)*EXP(-POWER(AD10/$E$16:$E$1015,$D$16:$D$1015)),0.5)} -> 0.00010928407 | AG10: {=_xlfn.PERCENTILE.INC(($D$16:$D$1015/$E$16:$E$1015)*POWER(AD10/$E$16:$E$1015,$D$16:$D$1015-1)*EXP(-POWER(AD10/$E$16:$E$1015,$D$16:$D$1015)),0.9)} -> 0.00012571852
A11: Parámetros vinculados a Max_Verosimilitud: mín/máx = IC 95%, moda = MLE. | Y11: 1750 | Z11: {=_xlfn.PERCENTILE.INC(EXP(-POWER(Y11/$E$16:$E$1015,$D$16:$D$1015)),0.1)} -> 0.85656305 | AA11: {=_xlfn.PERCENTILE.INC(EXP(-POWER(Y11/$E$16:$E$1015,$D$16:$D$1015)),0.5)} -> 0.88259094 | AB11: {=_xlfn.PERCENTILE.INC(EXP(-POWER(Y11/$E$16:$E$1015,$D$16:$D$1015)),0.9)} -> 0.9051776 | AD11: 1750 | AE11: {=_xlfn.PERCENTILE.INC(($D$16:$D$1015/$E$16:$E$1015)*POWER(AD11/$E$16:$E$1015,$D$16:$D$1015-1)*EXP(-POWER(AD11/$E$16:$E$1015,$D$16:$D$1015)),0.1)} -> 0.00010640377 | AF11: {=_xlfn.PERCENTILE.INC(($D$16:$D$1015/$E$16:$E$1015)*POWER(AD11/$E$16:$E$1015,$D$16:$D$1015-1)*EXP(-POWER(AD11/$E$16:$E$1015,$D$16:$D$1015)),0.5)} -> 0.00012241462 | AG11: {=_xlfn.PERCENTILE.INC(($D$16:$D$1015/$E$16:$E$1015)*POWER(AD11/$E$16:$E$1015,$D$16:$D$1015-1)*EXP(-POWER(AD11/$E$16:$E$1015,$D$16:$D$1015)),0.9)} -> 0.00013743932
A12: Tiempo de evaluación (h) | B12: 4000 | Y12: 2000 | Z12: {=_xlfn.PERCENTILE.INC(EXP(-POWER(Y12/$E$16:$E$1015,$D$16:$D$1015)),0.1)} -> 0.82162984 | AA12: {=_xlfn.PERCENTILE.INC(EXP(-POWER(Y12/$E$16:$E$1015,$D$16:$D$1015)),0.5)} -> 0.85074294 | AB12: {=_xlfn.PERCENTILE.INC(EXP(-POWER(Y12/$E$16:$E$1015,$D$16:$D$1015)),0.9)} -> 0.87679887 | AD12: 2000 | AE12: {=_xlfn.PERCENTILE.INC(($D$16:$D$1015/$E$16:$E$1015)*POWER(AD12/$E$16:$E$1015,$D$16:$D$1015-1)*EXP(-POWER(AD12/$E$16:$E$1015,$D$16:$D$1015)),0.1)} -> 0.00011855591 | AF12: {=_xlfn.PERCENTILE.INC(($D$16:$D$1015/$E$16:$E$1015)*POWER(AD12/$E$16:$E$1015,$D$16:$D$1015-1)*EXP(-POWER(AD12/$E$16:$E$1015,$D$16:$D$1015)),0.5)} -> 0.00013358084 | AG12: {=_xlfn.PERCENTILE.INC(($D$16:$D$1015/$E$16:$E$1015)*POWER(AD12/$E$16:$E$1015,$D$16:$D$1015-1)*EXP(-POWER(AD12/$E$16:$E$1015,$D$16:$D$1015)),0.9)} -> 0.00014793637
A13: Horizonte de gráficas (h) | B13: 10000 | Y13: 2250 | Z13: {=_xlfn.PERCENTILE.INC(EXP(-POWER(Y13/$E$16:$E$1015,$D$16:$D$1015)),0.1)} -> 0.78435098 | AA13: {=_xlfn.PERCENTILE.INC(EXP(-POWER(Y13/$E$16:$E$1015,$D$16:$D$1015)),0.5)} -> 0.81598971 | AB13: {=_xlfn.PERCENTILE.INC(EXP(-POWER(Y13/$E$16:$E$1015,$D$16:$D$1015)),0.9)} -> 0.84545958 | AD13: 2250 | AE13: {=_xlfn.PERCENTILE.INC(($D$16:$D$1015/$E$16:$E$1015)*POWER(AD13/$E$16:$E$1015,$D$16:$D$1015-1)*EXP(-POWER(AD13/$E$16:$E$1015,$D$16:$D$1015)),0.1)} -> 0.00012830042 | AF13: {=_xlfn.PERCENTILE.INC(($D$16:$D$1015/$E$16:$E$1015)*POWER(AD13/$E$16:$E$1015,$D$16:$D$1015-1)*EXP(-POWER(AD13/$E$16:$E$1015,$D$16:$D$1015)),0.5)} -> 0.00014338935 | AG13: {=_xlfn.PERCENTILE.INC(($D$16:$D$1015/$E$16:$E$1015)*POWER(AD13/$E$16:$E$1015,$D$16:$D$1015-1)*EXP(-POWER(AD13/$E$16:$E$1015,$D$16:$D$1015)),0.9)} -> 0.00015675809
Y14: 2500 | Z14: {=_xlfn.PERCENTILE.INC(EXP(-POWER(Y14/$E$16:$E$1015,$D$16:$D$1015)),0.1)} -> 0.74482495 | AA14: {=_xlfn.PERCENTILE.INC(EXP(-POWER(Y14/$E$16:$E$1015,$D$16:$D$1015)),0.5)} -> 0.77873515 | AB14: {=_xlfn.PERCENTILE.INC(EXP(-POWER(Y14/$E$16:$E$1015,$D$16:$D$1015)),0.9)} -> 0.81181174 | AD14: 2500 | AE14: {=_xlfn.PERCENTILE.INC(($D$16:$D$1015/$E$16:$E$1015)*POWER(AD14/$E$16:$E$1015,$D$16:$D$1015-1)*EXP(-POWER(AD14/$E$16:$E$1015,$D$16:$D$1015)),0.1)} -> 0.00013688493 | AF14: {=_xlfn.PERCENTILE.INC(($D$16:$D$1015/$E$16:$E$1015)*POWER(AD14/$E$16:$E$1015,$D$16:$D$1015-1)*EXP(-POWER(AD14/$E$16:$E$1015,$D$16:$D$1015)),0.5)} -> 0.00015108125 | AG14: {=_xlfn.PERCENTILE.INC(($D$16:$D$1015/$E$16:$E$1015)*POWER(AD14/$E$16:$E$1015,$D$16:$D$1015-1)*EXP(-POWER(AD14/$E$16:$E$1015,$D$16:$D$1015)),0.9)} -> 0.00016427098
A15: Iteración | B15: u β | C15: u η | D15: β simulado | E15: η simulado (h) | F15: R(t) evaluada | G15: f(t) evaluada | Y15: 2750 | Z15: {=_xlfn.PERCENTILE.INC(EXP(-POWER(Y15/$E$16:$E$1015,$D$16:$D$1015)),0.1)} -> 0.70385201 | AA15: {=_xlfn.PERCENTILE.INC(EXP(-POWER(Y15/$E$16:$E$1015,$D$16:$D$1015)),0.5)} -> 0.73975782 | AB15: {=_xlfn.PERCENTILE.INC(EXP(-POWER(Y15/$E$16:$E$1015,$D$16:$D$1015)),0.9)} -> 0.77609643 | AD15: 2750 | AE15: {=_xlfn.PERCENTILE.INC(($D$16:$D$1015/$E$16:$E$1015)*POWER(AD15/$E$16:$E$1015,$D$16:$D$1015-1)*EXP(-POWER(AD15/$E$16:$E$1015,$D$16:$D$1015)),0.1)} -> 0.00014333944 | AF15: {=_xlfn.PERCENTILE.INC(($D$16:$D$1015/$E$16:$E$1015)*POWER(AD15/$E$16:$E$1015,$D$16:$D$1015-1)*EXP(-POWER(AD15/$E$16:$E$1015,$D$16:$D$1015)),0.5)} -> 0.00015689152 | AG15: {=_xlfn.PERCENTILE.INC(($D$16:$D$1015/$E$16:$E$1015)*POWER(AD15/$E$16:$E$1015,$D$16:$D$1015-1)*EXP(-POWER(AD15/$E$16:$E$1015,$D$16:$D$1015)),0.9)} -> 0.00017038192
A16: 1 | B16: =RAND() -> 0.77117412 | C16: =RAND() -> 0.98212751 | D16: {=_xlfn.SWITCH($B$4,"Normal MLE",EXP(_xlfn.NORM.INV(B16,LN($C$9),$E$9/$C$9)),"Uniforme",$B$9+($D$9-$B$9)*B16,"Triangular",IF(B16<=($C$9-$B$9)/($D$9-$B$9),$B$9+SQRT(B16*($D$9-$B$9)*($C$9-$B$9)),$D$9-SQRT((1-B16)*($D$9-$B$9)*($D$9-$C$9))),"PERT",_xlfn.BETA.INV(B16,1+$B$6*($C$9-$B$9)/($D$9-$B$9),1+$B$6*($D$9-$C$9)/($D$9-$B$9),$B$9,$D$9))} -> 2.0522539 | E16: {=_xlfn.SWITCH($B$4,"Normal MLE",EXP(_xlfn.NORM.INV(C16,LN($C$10),$E$10/$C$10)),"Uniforme",$B$10+($D$10-$B$10)*C16,"Triangular",IF(C16<=($C$10-$B$10)/($D$10-$B$10),$B$10+SQRT(C16*($D$10-$B$10)*($C$10-$B$10)),$D$10-SQRT((1-C16)*($D$10-$B$10)*($D$10-$C$10))),"PERT",_xlfn.BETA.INV(C16,1+$B$6*($C$10-$B$10)/($D$10-$B$10),1+$B$6*($D$10-$C$10)/($D$10-$B$10),$B$10,$D$10))} -> 5623.2517 | F16: =EXP(-POWER($B$12/E16,D16)) -> 0.60831208 | G16: =(D16/E16)*POWER($B$12/E16,D16-1)*EXP(-POWER($B$12/E16,D16)) -> 0.00015513603 | Y16: 3000 | Z16: {=_xlfn.PERCENTILE.INC(EXP(-POWER(Y16/$E$16:$E$1015,$D$16:$D$1015)),0.1)} -> 0.66265868 | AA16: {=_xlfn.PERCENTILE.INC(EXP(-POWER(Y16/$E$16:$E$1015,$D$16:$D$1015)),0.5)} -> 0.6997915 | AB16: {=_xlfn.PERCENTILE.INC(EXP(-POWER(Y16/$E$16:$E$1015,$D$16:$D$1015)),0.9)} -> 0.73787232 | AD16: 3000 | AE16: {=_xlfn.PERCENTILE.INC(($D$16:$D$1015/$E$16:$E$1015)*POWER(AD16/$E$16:$E$1015,$D$16:$D$1015-1)*EXP(-POWER(AD16/$E$16:$E$1015,$D$16:$D$1015)),0.1)} -> 0.00014775945 | AF16: {=_xlfn.PERCENTILE.INC(($D$16:$D$1015/$E$16:$E$1015)*POWER(AD16/$E$16:$E$1015,$D$16:$D$1015-1)*EXP(-POWER(AD16/$E$16:$E$1015,$D$16:$D$1015)),0.5)} -> 0.00016055132 | AG16: {=_xlfn.PERCENTILE.INC(($D$16:$D$1015/$E$16:$E$1015)*POWER(AD16/$E$16:$E$1015,$D$16:$D$1015-1)*EXP(-POWER(AD16/$E$16:$E$1015,$D$16:$D$1015)),0.9)} -> 0.00017501157
A17: 2 | B17: =RAND() -> 0.96416015 | C17: =RAND() -> 0.81516642 | D17: {=_xlfn.SWITCH($B$4,"Normal MLE",EXP(_xlfn.NORM.INV(B17,LN($C$9),$E$9/$C$9)),"Uniforme",$B$9+($D$9-$B$9)*B17,"Triangular",IF(B17<=($C$9-$B$9)/($D$9-$B$9),$B$9+SQRT(B17*($D$9-$B$9)*($C$9-$B$9)),$D$9-SQRT((1-B17)*($D$9-$B$9)*($D$9-$C$9))),"PERT",_xlfn.BETA.INV(B17,1+$B$6*($C$9-$B$9)/($D$9-$B$9),1+$B$6*($D$9-$C$9)/($D$9-$B$9),$B$9,$D$9))} -> 2.2110612 | E17: {=_xlfn.SWITCH($B$4,"Normal MLE",EXP(_xlfn.NORM.INV(C17,LN($C$10),$E$10/$C$10)),"Uniforme",$B$10+($D$10-$B$10)*C17,"Triangular",IF(C17<=($C$10-$B$10)/($D$10-$B$10),$B$10+SQRT(C17*($D$10-$B$10)*($C$10-$B$10)),$D$10-SQRT((1-C17)*($D$10-$B$10)*($D$10-$C$10))),"PERT",_xlfn.BETA.INV(C17,1+$B$6*($C$10-$B$10)/($D$10-$B$10),1+$B$6*($D$10-$C$10)/($D$10-$B$10),$B$10,$D$10))} -> 5317.1763 | F17: =EXP(-POWER($B$12/E17,D17)) -> 0.58688571 | G17: =(D17/E17)*POWER($B$12/E17,D17-1)*EXP(-POWER($B$12/E17,D17)) -> 0.00017288629 | Y17: 3250 | Z17: {=_xlfn.PERCENTILE.INC(EXP(-POWER(Y17/$E$16:$E$1015,$D$16:$D$1015)),0.1)} -> 0.62100569 | AA17: {=_xlfn.PERCENTILE.INC(EXP(-POWER(Y17/$E$16:$E$1015,$D$16:$D$1015)),0.5)} -> 0.65962811 | AB17: {=_xlfn.PERCENTILE.INC(EXP(-POWER(Y17/$E$16:$E$1015,$D$16:$D$1015)),0.9)} -> 0.6992216 | AD17: 3250 | AE17: {=_xlfn.PERCENTILE.INC(($D$16:$D$1015/$E$16:$E$1015)*POWER(AD17/$E$16:$E$1015,$D$16:$D$1015-1)*EXP(-POWER(AD17/$E$16:$E$1015,$D$16:$D$1015)),0.1)} -> 0.00015049739 | AF17: {=_xlfn.PERCENTILE.INC(($D$16:$D$1015/$E$16:$E$1015)*POWER(AD17/$E$16:$E$1015,$D$16:$D$1015-1)*EXP(-POWER(AD17/$E$16:$E$1015,$D$16:$D$1015)),0.5)} -> 0.00016325184 | AG17: {=_xlfn.PERCENTILE.INC(($D$16:$D$1015/$E$16:$E$1015)*POWER(AD17/$E$16:$E$1015,$D$16:$D$1015-1)*EXP(-POWER(AD17/$E$16:$E$1015,$D$16:$D$1015)),0.9)} -> 0.00017762545
A18: 3 | B18: =RAND() -> 0.68022456 | C18: =RAND() -> 0.27926747 | D18: {=_xlfn.SWITCH($B$4,"Normal MLE",EXP(_xlfn.NORM.INV(B18,LN($C$9),$E$9/$C$9)),"Uniforme",$B$9+($D$9-$B$9)*B18,"Triangular",IF(B18<=($C$9-$B$9)/($D$9-$B$9),$B$9+SQRT(B18*($D$9-$B$9)*($C$9-$B$9)),$D$9-SQRT((1-B18)*($D$9-$B$9)*($D$9-$C$9))),"PERT",_xlfn.BETA.INV(B18,1+$B$6*($C$9-$B$9)/($D$9-$B$9),1+$B$6*($D$9-$C$9)/($D$9-$B$9),$B$9,$D$9))} -> 2.0129798 | E18: {=_xlfn.SWITCH($B$4,"Normal MLE",EXP(_xlfn.NORM.INV(C18,LN($C$10),$E$10/$C$10)),"Uniforme",$B$10+($D$10-$B$10)*C18,"Triangular",IF(C18<=($C$10-$B$10)/($D$10-$B$10),$B$10+SQRT(C18*($D$10-$B$10)*($C$10-$B$10)),$D$10-SQRT((1-C18)*($D$10-$B$10)*($D$10-$C$10))),"PERT",_xlfn.BETA.INV(C18,1+$B$6*($C$10-$B$10)/($D$10-$B$10),1+$B$6*($D$10-$C$10)/($D$10-$B$10),$B$10,$D$10))} -> 4962.8152 | F18: =EXP(-POWER($B$12/E18,D18)) -> 0.52319005 | G18: =(D18/E18)*POWER($B$12/E18,D18-1)*EXP(-POWER($B$12/E18,D18)) -> 0.00017056381 | Y18: 3500 | Z18: {=_xlfn.PERCENTILE.INC(EXP(-POWER(Y18/$E$16:$E$1015,$D$16:$D$1015)),0.1)} -> 0.57842118 | AA18: {=_xlfn.PERCENTILE.INC(EXP(-POWER(Y18/$E$16:$E$1015,$D$16:$D$1015)),0.5)} -> 0.61839388 | AB18: {=_xlfn.PERCENTILE.INC(EXP(-POWER(Y18/$E$16:$E$1015,$D$16:$D$1015)),0.9)} -> 0.65967557 | AD18: 3500 | AE18: {=_xlfn.PERCENTILE.INC(($D$16:$D$1015/$E$16:$E$1015)*POWER(AD18/$E$16:$E$1015,$D$16:$D$1015-1)*EXP(-POWER(AD18/$E$16:$E$1015,$D$16:$D$1015)),0.1)} -> 0.00015116585 | AF18: {=_xlfn.PERCENTILE.INC(($D$16:$D$1015/$E$16:$E$1015)*POWER(AD18/$E$16:$E$1015,$D$16:$D$1015-1)*EXP(-POWER(AD18/$E$16:$E$1015,$D$16:$D$1015)),0.5)} -> 0.00016426813 | AG18: {=_xlfn.PERCENTILE.INC(($D$16:$D$1015/$E$16:$E$1015)*POWER(AD18/$E$16:$E$1015,$D$16:$D$1015-1)*EXP(-POWER(AD18/$E$16:$E$1015,$D$16:$D$1015)),0.9)} -> 0.00017861722
A19: 4 | B19: =RAND() -> 0.23573462 | C19: =RAND() -> 0.031372953 | D19: {=_xlfn.SWITCH($B$4,"Normal MLE",EXP(_xlfn.NORM.INV(B19,LN($C$9),$E$9/$C$9)),"Uniforme",$B$9+($D$9-$B$9)*B19,"Triangular",IF(B19<=($C$9-$B$9)/($D$9-$B$9),$B$9+SQRT(B19*($D$9-$B$9)*($C$9-$B$9)),$D$9-SQRT((1-B19)*($D$9-$B$9)*($D$9-$C$9))),"PERT",_xlfn.BETA.INV(B19,1+$B$6*($C$9-$B$9)/($D$9-$B$9),1+$B$6*($D$9-$C$9)/($D$9-$B$9),$B$9,$D$9))} -> 1.8513746 | E19: {=_xlfn.SWITCH($B$4,"Normal MLE",EXP(_xlfn.NORM.INV(C19,LN($C$10),$E$10/$C$10)),"Uniforme",$B$10+($D$10-$B$10)*C19,"Triangular",IF(C19<=($C$10-$B$10)/($D$10-$B$10),$B$10+SQRT(C19*($D$10-$B$10)*($C$10-$B$10)),$D$10-SQRT((1-C19)*($D$10-$B$10)*($D$10-$C$10))),"PERT",_xlfn.BETA.INV(C19,1+$B$6*($C$10-$B$10)/($D$10-$B$10),1+$B$6*($D$10-$C$10)/($D$10-$B$10),$B$10,$D$10))} -> 4676.7193 | F19: =EXP(-POWER($B$12/E19,D19)) -> 0.472966 | G19: =(D19/E19)*POWER($B$12/E19,D19-1)*EXP(-POWER($B$12/E19,D19)) -> 0.00016390435 | Y19: 3750 | Z19: {=_xlfn.PERCENTILE.INC(EXP(-POWER(Y19/$E$16:$E$1015,$D$16:$D$1015)),0.1)} -> 0.53649584 | AA19: {=_xlfn.PERCENTILE.INC(EXP(-POWER(Y19/$E$16:$E$1015,$D$16:$D$1015)),0.5)} -> 0.57741878 | AB19: {=_xlfn.PERCENTILE.INC(EXP(-POWER(Y19/$E$16:$E$1015,$D$16:$D$1015)),0.9)} -> 0.61930319 | AD19: 3750 | AE19: {=_xlfn.PERCENTILE.INC(($D$16:$D$1015/$E$16:$E$1015)*POWER(AD19/$E$16:$E$1015,$D$16:$D$1015-1)*EXP(-POWER(AD19/$E$16:$E$1015,$D$16:$D$1015)),0.1)} -> 0.00015032302 | AF19: {=_xlfn.PERCENTILE.INC(($D$16:$D$1015/$E$16:$E$1015)*POWER(AD19/$E$16:$E$1015,$D$16:$D$1015-1)*EXP(-POWER(AD19/$E$16:$E$1015,$D$16:$D$1015)),0.5)} -> 0.00016348686 | AG19: {=_xlfn.PERCENTILE.INC(($D$16:$D$1015/$E$16:$E$1015)*POWER(AD19/$E$16:$E$1015,$D$16:$D$1015-1)*EXP(-POWER(AD19/$E$16:$E$1015,$D$16:$D$1015)),0.9)} -> 0.00017788646
A20: 5 | B20: =RAND() -> 0.95638265 | C20: =RAND() -> 0.093389116 | D20: {=_xlfn.SWITCH($B$4,"Normal MLE",EXP(_xlfn.NORM.INV(B20,LN($C$9),$E$9/$C$9)),"Uniforme",$B$9+($D$9-$B$9)*B20,"Triangular",IF(B20<=($C$9-$B$9)/($D$9-$B$9),$B$9+SQRT(B20*($D$9-$B$9)*($C$9-$B$9)),$D$9-SQRT((1-B20)*($D$9-$B$9)*($D$9-$C$9))),"PERT",_xlfn.BETA.INV(B20,1+$B$6*($C$9-$B$9)/($D$9-$B$9),1+$B$6*($D$9-$C$9)/($D$9-$B$9),$B$9,$D$9))} -> 2.196941 | E20: {=_xlfn.SWITCH($B$4,"Normal MLE",EXP(_xlfn.NORM.INV(C20,LN($C$10),$E$10/$C$10)),"Uniforme",$B$10+($D$10-$B$10)*C20,"Triangular",IF(C20<=($C$10-$B$10)/($D$10-$B$10),$B$10+SQRT(C20*($D$10-$B$10)*($C$10-$B$10)),$D$10-SQRT((1-C20)*($D$10-$B$10)*($D$10-$C$10))),"PERT",_xlfn.BETA.INV(C20,1+$B$6*($C$10-$B$10)/($D$10-$B$10),1+$B$6*($D$10-$C$10)/($D$10-$B$10),$B$10,$D$10))} -> 4795.9098 | F20: =EXP(-POWER($B$12/E20,D20)) -> 0.51109102 | G20: =(D20/E20)*POWER($B$12/E20,D20-1)*EXP(-POWER($B$12/E20,D20)) -> 0.00018841415 | Y20: 4000 | Z20: {=_xlfn.PERCENTILE.INC(EXP(-POWER(Y20/$E$16:$E$1015,$D$16:$D$1015)),0.1)} -> 0.4951486 | AA20: {=_xlfn.PERCENTILE.INC(EXP(-POWER(Y20/$E$16:$E$1015,$D$16:$D$1015)),0.5)} -> 0.53622194 | AB20: {=_xlfn.PERCENTILE.INC(EXP(-POWER(Y20/$E$16:$E$1015,$D$16:$D$1015)),0.9)} -> 0.58046167 | AD20: 4000 | AE20: {=_xlfn.PERCENTILE.INC(($D$16:$D$1015/$E$16:$E$1015)*POWER(AD20/$E$16:$E$1015,$D$16:$D$1015-1)*EXP(-POWER(AD20/$E$16:$E$1015,$D$16:$D$1015)),0.1)} -> 0.00014827131 | AF20: {=_xlfn.PERCENTILE.INC(($D$16:$D$1015/$E$16:$E$1015)*POWER(AD20/$E$16:$E$1015,$D$16:$D$1015-1)*EXP(-POWER(AD20/$E$16:$E$1015,$D$16:$D$1015)),0.5)} -> 0.00016144551 | AG20: {=_xlfn.PERCENTILE.INC(($D$16:$D$1015/$E$16:$E$1015)*POWER(AD20/$E$16:$E$1015,$D$16:$D$1015-1)*EXP(-POWER(AD20/$E$16:$E$1015,$D$16:$D$1015)),0.9)} -> 0.00017561327
A21: 6 | B21: =RAND() -> 0.44914151 | C21: =RAND() -> 0.21632989 | D21: {=_xlfn.SWITCH($B$4,"Normal MLE",EXP(_xlfn.NORM.INV(B21,LN($C$9),$E$9/$C$9)),"Uniforme",$B$9+($D$9-$B$9)*B21,"Triangular",IF(B21<=($C$9-$B$9)/($D$9-$B$9),$B$9+SQRT(B21*($D$9-$B$9)*($C$9-$B$9)),$D$9-SQRT((1-B21)*($D$9-$B$9)*($D$9-$C$9))),"PERT",_xlfn.BETA.INV(B21,1+$B$6*($C$9-$B$9)/($D$9-$B$9),1+$B$6*($D$9-$C$9)/($D$9-$B$9),$B$9,$D$9))} -> 1.930222 | E21: {=_xlfn.SWITCH($B$4,"Normal MLE",EXP(_xlfn.NORM.INV(C21,LN($C$10),$E$10/$C$10)),"Uniforme",$B$10+($D$10-$B$10)*C21,"Triangular",IF(C21<=($C$10-$B$10)/($D$10-$B$10),$B$10+SQRT(C21*($D$10-$B$10)*($C$10-$B$10)),$D$10-SQRT((1-C21)*($D$10-$B$10)*($D$10-$C$10))),"PERT",_xlfn.BETA.INV(C21,1+$B$6*($C$10-$B$10)/($D$10-$B$10),1+$B$6*($D$10-$C$10)/($D$10-$B$10),$B$10,$D$10))} -> 4916.9261 | F21: =EXP(-POWER($B$12/E21,D21)) -> 0.51098814 | G21: =(D21/E21)*POWER($B$12/E21,D21-1)*EXP(-POWER($B$12/E21,D21)) -> 0.00016555609 | Y21: 4250 | Z21: {=_xlfn.PERCENTILE.INC(EXP(-POWER(Y21/$E$16:$E$1015,$D$16:$D$1015)),0.1)} -> 0.45433343 | AA21: {=_xlfn.PERCENTILE.INC(EXP(-POWER(Y21/$E$16:$E$1015,$D$16:$D$1015)),0.5)} -> 0.49537205 | AB21: {=_xlfn.PERCENTILE.INC(EXP(-POWER(Y21/$E$16:$E$1015,$D$16:$D$1015)),0.9)} -> 0.54145601 | AD21: 4250 | AE21: {=_xlfn.PERCENTILE.INC(($D$16:$D$1015/$E$16:$E$1015)*POWER(AD21/$E$16:$E$1015,$D$16:$D$1015-1)*EXP(-POWER(AD21/$E$16:$E$1015,$D$16:$D$1015)),0.1)} -> 0.00014517746 | AF21: {=_xlfn.PERCENTILE.INC(($D$16:$D$1015/$E$16:$E$1015)*POWER(AD21/$E$16:$E$1015,$D$16:$D$1015-1)*EXP(-POWER(AD21/$E$16:$E$1015,$D$16:$D$1015)),0.5)} -> 0.0001581585 | AG21: {=_xlfn.PERCENTILE.INC(($D$16:$D$1015/$E$16:$E$1015)*POWER(AD21/$E$16:$E$1015,$D$16:$D$1015-1)*EXP(-POWER(AD21/$E$16:$E$1015,$D$16:$D$1015)),0.9)} -> 0.00017242871
A22: 7 | B22: =RAND() -> 0.17104633 | C22: =RAND() -> 0.077548411 | D22: {=_xlfn.SWITCH($B$4,"Normal MLE",EXP(_xlfn.NORM.INV(B22,LN($C$9),$E$9/$C$9)),"Uniforme",$B$9+($D$9-$B$9)*B22,"Triangular",IF(B22<=($C$9-$B$9)/($D$9-$B$9),$B$9+SQRT(B22*($D$9-$B$9)*($C$9-$B$9)),$D$9-SQRT((1-B22)*($D$9-$B$9)*($D$9-$C$9))),"PERT",_xlfn.BETA.INV(B22,1+$B$6*($C$9-$B$9)/($D$9-$B$9),1+$B$6*($D$9-$C$9)/($D$9-$B$9),$B$9,$D$9))} -> 1.821637 | E22: {=_xlfn.SWITCH($B$4,"Normal MLE",EXP(_xlfn.NORM.INV(C22,LN($C$10),$E$10/$C$10)),"Uniforme",$B$10+($D$10-$B$10)*C22,"Triangular",IF(C22<=($C$10-$B$10)/($D$10-$B$10),$B$10+SQRT(C22*($D$10-$B$10)*($C$10-$B$10)),$D$10-SQRT((1-C22)*($D$10-$B$10)*($D$10-$C$10))),"PERT",_xlfn.BETA.INV(C22,1+$B$6*($C$10-$B$10)/($D$10-$B$10),1+$B$6*($D$10-$C$10)/($D$10-$B$10),$B$10,$D$10))} -> 4773.2917 | F22: =EXP(-POWER($B$12/E22,D22)) -> 0.48445651 | G22: =(D22/E22)*POWER($B$12/E22,D22-1)*EXP(-POWER($B$12/E22,D22)) -> 0.00015989374 | Y22: 4500 | Z22: {=_xlfn.PERCENTILE.INC(EXP(-POWER(Y22/$E$16:$E$1015,$D$16:$D$1015)),0.1)} -> 0.415115 | AA22: {=_xlfn.PERCENTILE.INC(EXP(-POWER(Y22/$E$16:$E$1015,$D$16:$D$1015)),0.5)} -> 0.45576607 | AB22: {=_xlfn.PERCENTILE.INC(EXP(-POWER(Y22/$E$16:$E$1015,$D$16:$D$1015)),0.9)} -> 0.50251558 | AD22: 4500 | AE22: {=_xlfn.PERCENTILE.INC(($D$16:$D$1015/$E$16:$E$1015)*POWER(AD22/$E$16:$E$1015,$D$16:$D$1015-1)*EXP(-POWER(AD22/$E$16:$E$1015,$D$16:$D$1015)),0.1)} -> 0.00014119992 | AF22: {=_xlfn.PERCENTILE.INC(($D$16:$D$1015/$E$16:$E$1015)*POWER(AD22/$E$16:$E$1015,$D$16:$D$1015-1)*EXP(-POWER(AD22/$E$16:$E$1015,$D$16:$D$1015)),0.5)} -> 0.00015397023 | AG22: {=_xlfn.PERCENTILE.INC(($D$16:$D$1015/$E$16:$E$1015)*POWER(AD22/$E$16:$E$1015,$D$16:$D$1015-1)*EXP(-POWER(AD22/$E$16:$E$1015,$D$16:$D$1015)),0.9)} -> 0.00016801193
A23: 8 | B23: =RAND() -> 0.51240869 | C23: =RAND() -> 0.1411477 | D23: {=_xlfn.SWITCH($B$4,"Normal MLE",EXP(_xlfn.NORM.INV(B23,LN($C$9),$E$9/$C$9)),"Uniforme",$B$9+($D$9-$B$9)*B23,"Triangular",IF(B23<=($C$9-$B$9)/($D$9-$B$9),$B$9+SQRT(B23*($D$9-$B$9)*($C$9-$B$9)),$D$9-SQRT((1-B23)*($D$9-$B$9)*($D$9-$C$9))),"PERT",_xlfn.BETA.INV(B23,1+$B$6*($C$9-$B$9)/($D$9-$B$9),1+$B$6*($D$9-$C$9)/($D$9-$B$9),$B$9,$D$9))} -> 1.9519472 | E23: {=_xlfn.SWITCH($B$4,"Normal MLE",EXP(_xlfn.NORM.INV(C23,LN($C$10),$E$10/$C$10)),"Uniforme",$B$10+($D$10-$B$10)*C23,"Triangular",IF(C23<=($C$10-$B$10)/($D$10-$B$10),$B$10+SQRT(C23*($D$10-$B$10)*($C$10-$B$10)),$D$10-SQRT((1-C23)*($D$10-$B$10)*($D$10-$C$10))),"PERT",_xlfn.BETA.INV(C23,1+$B$6*($C$10-$B$10)/($D$10-$B$10),1+$B$6*($D$10-$C$10)/($D$10-$B$10),$B$10,$D$10))} -> 4850.8987 | F23: =EXP(-POWER($B$12/E23,D23)) -> 0.50344602 | G23: =(D23/E23)*POWER($B$12/E23,D23-1)*EXP(-POWER($B$12/E23,D23)) -> 0.00016860155 | Y23: 4750 | Z23: {=_xlfn.PERCENTILE.INC(EXP(-POWER(Y23/$E$16:$E$1015,$D$16:$D$1015)),0.1)} -> 0.37679758 | AA23: {=_xlfn.PERCENTILE.INC(EXP(-POWER(Y23/$E$16:$E$1015,$D$16:$D$1015)),0.5)} -> 0.41780652 | AB23: {=_xlfn.PERCENTILE.INC(EXP(-POWER(Y23/$E$16:$E$1015,$D$16:$D$1015)),0.9)} -> 0.46582159 | AD23: 4750 | AE23: {=_xlfn.PERCENTILE.INC(($D$16:$D$1015/$E$16:$E$1015)*POWER(AD23/$E$16:$E$1015,$D$16:$D$1015-1)*EXP(-POWER(AD23/$E$16:$E$1015,$D$16:$D$1015)),0.1)} -> 0.00013603439 | AF23: {=_xlfn.PERCENTILE.INC(($D$16:$D$1015/$E$16:$E$1015)*POWER(AD23/$E$16:$E$1015,$D$16:$D$1015-1)*EXP(-POWER(AD23/$E$16:$E$1015,$D$16:$D$1015)),0.5)} -> 0.0001486193 | AG23: {=_xlfn.PERCENTILE.INC(($D$16:$D$1015/$E$16:$E$1015)*POWER(AD23/$E$16:$E$1015,$D$16:$D$1015-1)*EXP(-POWER(AD23/$E$16:$E$1015,$D$16:$D$1015)),0.9)} -> 0.00016240071
A24: 9 | B24: =RAND() -> 0.048371463 | C24: =RAND() -> 0.926166 | D24: {=_xlfn.SWITCH($B$4,"Normal MLE",EXP(_xlfn.NORM.INV(B24,LN($C$9),$E$9/$C$9)),"Uniforme",$B$9+($D$9-$B$9)*B24,"Triangular",IF(B24<=($C$9-$B$9)/($D$9-$B$9),$B$9+SQRT(B24*($D$9-$B$9)*($C$9-$B$9)),$D$9-SQRT((1-B24)*($D$9-$B$9)*($D$9-$C$9))),"PERT",_xlfn.BETA.INV(B24,1+$B$6*($C$9-$B$9)/($D$9-$B$9),1+$B$6*($D$9-$C$9)/($D$9-$B$9),$B$9,$D$9))} -> 1.7326991 | E24: {=_xlfn.SWITCH($B$4,"Normal MLE",EXP(_xlfn.NORM.INV(C24,LN($C$10),$E$10/$C$10)),"Uniforme",$B$10+($D$10-$B$10)*C24,"Triangular",IF(C24<=($C$10-$B$10)/($D$10-$B$10),$B$10+SQRT(C24*($D$10-$B$10)*($C$10-$B$10)),$D$10-SQRT((1-C24)*($D$10-$B$10)*($D$10-$C$10))),"PERT",_xlfn.BETA.INV(C24,1+$B$6*($C$10-$B$10)/($D$10-$B$10),1+$B$6*($D$10-$C$10)/($D$10-$B$10),$B$10,$D$10))} -> 5455.2028 | F24: =EXP(-POWER($B$12/E24,D24)) -> 0.55758497 | G24: =(D24/E24)*POWER($B$12/E24,D24-1)*EXP(-POWER($B$12/E24,D24)) -> 0.00014108844 | Y24: 5000 | Z24: {=_xlfn.PERCENTILE.INC(EXP(-POWER(Y24/$E$16:$E$1015,$D$16:$D$1015)),0.1)} -> 0.33980256 | AA24: {=_xlfn.PERCENTILE.INC(EXP(-POWER(Y24/$E$16:$E$1015,$D$16:$D$1015)),0.5)} -> 0.38096811 | AB24: {=_xlfn.PERCENTILE.INC(EXP(-POWER(Y24/$E$16:$E$1015,$D$16:$D$1015)),0.9)} -> 0.42870616 | AD24: 5000 | AE24: {=_xlfn.PERCENTILE.INC(($D$16:$D$1015/$E$16:$E$1015)*POWER(AD24/$E$16:$E$1015,$D$16:$D$1015-1)*EXP(-POWER(AD24/$E$16:$E$1015,$D$16:$D$1015)),0.1)} -> 0.00013067976 | AF24: {=_xlfn.PERCENTILE.INC(($D$16:$D$1015/$E$16:$E$1015)*POWER(AD24/$E$16:$E$1015,$D$16:$D$1015-1)*EXP(-POWER(AD24/$E$16:$E$1015,$D$16:$D$1015)),0.5)} -> 0.00014223111 | AG24: {=_xlfn.PERCENTILE.INC(($D$16:$D$1015/$E$16:$E$1015)*POWER(AD24/$E$16:$E$1015,$D$16:$D$1015-1)*EXP(-POWER(AD24/$E$16:$E$1015,$D$16:$D$1015)),0.9)} -> 0.00015586808
A25: 10 | B25: =RAND() -> 0.010609969 | C25: =RAND() -> 0.93203434 | D25: {=_xlfn.SWITCH($B$4,"Normal MLE",EXP(_xlfn.NORM.INV(B25,LN($C$9),$E$9/$C$9)),"Uniforme",$B$9+($D$9-$B$9)*B25,"Triangular",IF(B25<=($C$9-$B$9)/($D$9-$B$9),$B$9+SQRT(B25*($D$9-$B$9)*($C$9-$B$9)),$D$9-SQRT((1-B25)*($D$9-$B$9)*($D$9-$C$9))),"PERT",_xlfn.BETA.INV(B25,1+$B$6*($C$9-$B$9)/($D$9-$B$9),1+$B$6*($D$9-$C$9)/($D$9-$B$9),$B$9,$D$9))} -> 1.6559699 | E25: {=_xlfn.SWITCH($B$4,"Normal MLE",EXP(_xlfn.NORM.INV(C25,LN($C$10),$E$10/$C$10)),"Uniforme",$B$10+($D$10-$B$10)*C25,"Triangular",IF(C25<=($C$10-$B$10)/($D$10-$B$10),$B$10+SQRT(C25*($D$10-$B$10)*($C$10-$B$10)),$D$10-SQRT((1-C25)*($D$10-$B$10)*($D$10-$C$10))),"PERT",_xlfn.BETA.INV(C25,1+$B$6*($C$10-$B$10)/($D$10-$B$10),1+$B$6*($D$10-$C$10)/($D$10-$B$10),$B$10,$D$10))} -> 5466.205 | F25: =EXP(-POWER($B$12/E25,D25)) -> 0.55088931 | G25: =(D25/E25)*POWER($B$12/E25,D25-1)*EXP(-POWER($B$12/E25,D25)) -> 0.00013597665 | Y25: 5250 | Z25: {=_xlfn.PERCENTILE.INC(EXP(-POWER(Y25/$E$16:$E$1015,$D$16:$D$1015)),0.1)} -> 0.3046401 | AA25: {=_xlfn.PERCENTILE.INC(EXP(-POWER(Y25/$E$16:$E$1015,$D$16:$D$1015)),0.5)} -> 0.34681369 | AB25: {=_xlfn.PERCENTILE.INC(EXP(-POWER(Y25/$E$16:$E$1015,$D$16:$D$1015)),0.9)} -> 0.39351446 | AD25: 5250 | AE25: {=_xlfn.PERCENTILE.INC(($D$16:$D$1015/$E$16:$E$1015)*POWER(AD25/$E$16:$E$1015,$D$16:$D$1015-1)*EXP(-POWER(AD25/$E$16:$E$1015,$D$16:$D$1015)),0.1)} -> 0.00012431118 | AF25: {=_xlfn.PERCENTILE.INC(($D$16:$D$1015/$E$16:$E$1015)*POWER(AD25/$E$16:$E$1015,$D$16:$D$1015-1)*EXP(-POWER(AD25/$E$16:$E$1015,$D$16:$D$1015)),0.5)} -> 0.00013555526 | AG25: {=_xlfn.PERCENTILE.INC(($D$16:$D$1015/$E$16:$E$1015)*POWER(AD25/$E$16:$E$1015,$D$16:$D$1015-1)*EXP(-POWER(AD25/$E$16:$E$1015,$D$16:$D$1015)),0.9)} -> 0.00014820905
A26: 11 | B26: =RAND() -> 0.95972577 | C26: =RAND() -> 0.42274424 | D26: {=_xlfn.SWITCH($B$4,"Normal MLE",EXP(_xlfn.NORM.INV(B26,LN($C$9),$E$9/$C$9)),"Uniforme",$B$9+($D$9-$B$9)*B26,"Triangular",IF(B26<=($C$9-$B$9)/($D$9-$B$9),$B$9+SQRT(B26*($D$9-$B$9)*($C$9-$B$9)),$D$9-SQRT((1-B26)*($D$9-$B$9)*($D$9-$C$9))),"PERT",_xlfn.BETA.INV(B26,1+$B$6*($C$9-$B$9)/($D$9-$B$9),1+$B$6*($D$9-$C$9)/($D$9-$B$9),$B$9,$D$9))} -> 2.202726 | E26: {=_xlfn.SWITCH($B$4,"Normal MLE",EXP(_xlfn.NORM.INV(C26,LN($C$10),$E$10/$C$10)),"Uniforme",$B$10+($D$10-$B$10)*C26,"Triangular",IF(C26<=($C$10-$B$10)/($D$10-$B$10),$B$10+SQRT(C26*($D$10-$B$10)*($C$10-$B$10)),$D$10-SQRT((1-C26)*($D$10-$B$10)*($D$10-$C$10))),"PERT",_xlfn.BETA.INV(C26,1+$B$6*($C$10-$B$10)/($D$10-$B$10),1+$B$6*($D$10-$C$10)/($D$10-$B$10),$B$10,$D$10))} -> 5053.7377 | F26: =EXP(-POWER($B$12/E26,D26)) -> 0.55020861 | G26: =(D26/E26)*POWER($B$12/E26,D26-1)*EXP(-POWER($B$12/E26,D26)) -> 0.00018102356 | Y26: 5500 | Z26: {=_xlfn.PERCENTILE.INC(EXP(-POWER(Y26/$E$16:$E$1015,$D$16:$D$1015)),0.1)} -> 0.27159604 | AA26: {=_xlfn.PERCENTILE.INC(EXP(-POWER(Y26/$E$16:$E$1015,$D$16:$D$1015)),0.5)} -> 0.31428439 | AB26: {=_xlfn.PERCENTILE.INC(EXP(-POWER(Y26/$E$16:$E$1015,$D$16:$D$1015)),0.9)} -> 0.36007928 | AD26: 5500 | AE26: {=_xlfn.PERCENTILE.INC(($D$16:$D$1015/$E$16:$E$1015)*POWER(AD26/$E$16:$E$1015,$D$16:$D$1015-1)*EXP(-POWER(AD26/$E$16:$E$1015,$D$16:$D$1015)),0.1)} -> 0.00011706758 | AF26: {=_xlfn.PERCENTILE.INC(($D$16:$D$1015/$E$16:$E$1015)*POWER(AD26/$E$16:$E$1015,$D$16:$D$1015-1)*EXP(-POWER(AD26/$E$16:$E$1015,$D$16:$D$1015)),0.5)} -> 0.00012817 | AG26: {=_xlfn.PERCENTILE.INC(($D$16:$D$1015/$E$16:$E$1015)*POWER(AD26/$E$16:$E$1015,$D$16:$D$1015-1)*EXP(-POWER(AD26/$E$16:$E$1015,$D$16:$D$1015)),0.9)} -> 0.00013976316
A27: 12 | B27: =RAND() -> 0.22041693 | C27: =RAND() -> 0.63517807 | D27: {=_xlfn.SWITCH($B$4,"Normal MLE",EXP(_xlfn.NORM.INV(B27,LN($C$9),$E$9/$C$9)),"Uniforme",$B$9+($D$9-$B$9)*B27,"Triangular",IF(B27<=($C$9-$B$9)/($D$9-$B$9),$B$9+SQRT(B27*($D$9-$B$9)*($C$9-$B$9)),$D$9-SQRT((1-B27)*($D$9-$B$9)*($D$9-$C$9))),"PERT",_xlfn.BETA.INV(B27,1+$B$6*($C$9-$B$9)/($D$9-$B$9),1+$B$6*($D$9-$C$9)/($D$9-$B$9),$B$9,$D$9))} -> 1.8447771 | E27: {=_xlfn.SWITCH($B$4,"Normal MLE",EXP(_xlfn.NORM.INV(C27,LN($C$10),$E$10/$C$10)),"Uniforme",$B$10+($D$10-$B$10)*C27,"Triangular",IF(C27<=($C$10-$B$10)/($D$10-$B$10),$B$10+SQRT(C27*($D$10-$B$10)*($C$10-$B$10)),$D$10-SQRT((1-C27)*($D$10-$B$10)*($D$10-$C$10))),"PERT",_xlfn.BETA.INV(C27,1+$B$6*($C$10-$B$10)/($D$10-$B$10),1+$B$6*($D$10-$C$10)/($D$10-$B$10),$B$10,$D$10))} -> 5182.4548 | F27: =EXP(-POWER($B$12/E27,D27)) -> 0.53785532 | G27: =(D27/E27)*POWER($B$12/E27,D27-1)*EXP(-POWER($B$12/E27,D27)) -> 0.00015383569 | Y27: 5750 | Z27: {=_xlfn.PERCENTILE.INC(EXP(-POWER(Y27/$E$16:$E$1015,$D$16:$D$1015)),0.1)} -> 0.24128714 | AA27: {=_xlfn.PERCENTILE.INC(EXP(-POWER(Y27/$E$16:$E$1015,$D$16:$D$1015)),0.5)} -> 0.28365179 | AB27: {=_xlfn.PERCENTILE.INC(EXP(-POWER(Y27/$E$16:$E$1015,$D$16:$D$1015)),0.9)} -> 0.32876624 | AD27: 5750 | AE27: {=_xlfn.PERCENTILE.INC(($D$16:$D$1015/$E$16:$E$1015)*POWER(AD27/$E$16:$E$1015,$D$16:$D$1015-1)*EXP(-POWER(AD27/$E$16:$E$1015,$D$16:$D$1015)),0.1)} -> 0.0001097163 | AF27: {=_xlfn.PERCENTILE.INC(($D$16:$D$1015/$E$16:$E$1015)*POWER(AD27/$E$16:$E$1015,$D$16:$D$1015-1)*EXP(-POWER(AD27/$E$16:$E$1015,$D$16:$D$1015)),0.5)} -> 0.00012018079 | AG27: {=_xlfn.PERCENTILE.INC(($D$16:$D$1015/$E$16:$E$1015)*POWER(AD27/$E$16:$E$1015,$D$16:$D$1015-1)*EXP(-POWER(AD27/$E$16:$E$1015,$D$16:$D$1015)),0.9)} -> 0.0001312206
... A29: 14 | B29: =RAND() -> 0.35294155 | C29: =RAND() -> 0.80193519 | D29: {=_xlfn.SWITCH($B$4,"Normal MLE",EXP(_xlfn.NORM.INV(B29,LN($C$9),$E$9/$C$9)),"Uniforme",$B$9+($D$9-$B$9)*B29,"Triangular",IF(B29<=($C$9-$B$9)/($D$9-$B$9),$B$9+SQRT(B29*($D$9-$B$9)*($C$9-$B$9)),$D$9-SQRT((1-B29)*($D$9-$B$9)*($D$9-$C$9))),"PERT",_xlfn.BETA.INV(B29,1+$B$6*($C$9-$B$9)/($D$9-$B$9),1+$B$6*($D$9-$C$9)/($D$9-$B$9),$B$9,$D$9))} -> 1.8965968 | E29: {=_xlfn.SWITCH($B$4,"Normal MLE",EXP(_xlfn.NORM.INV(C29,LN($C$10),$E$10/$C$10)),"Uniforme",$B$10+($D$10-$B$10)*C29,"Triangular",IF(C29<=($C$10-$B$10)/($D$10-$B$10),$B$10+SQRT(C29*($D$10-$B$10)*($C$10-$B$10)),$D$10-SQRT((1-C29)*($D$10-$B$10)*($D$10-$C$10))),"PERT",_xlfn.BETA.INV(C29,1+$B$6*($C$10-$B$10)/($D$10-$B$10),1+$B$6*($D$10-$C$10)/($D$10-$B$10),$B$10,$D$10))} -> 5305.1788 | F29: =EXP(-POWER($B$12/E29,D29)) -> 0.55692165 | G29: =(D29/E29)*POWER($B$12/E29,D29-1)*EXP(-POWER($B$12/E29,D29)) -> 0.00015456474 | Y29: 6250 | Z29: {=_xlfn.PERCENTILE.INC(EXP(-POWER(Y29/$E$16:$E$1015,$D$16:$D$1015)),0.1)} -> 0.18620511 | AA29: {=_xlfn.PERCENTILE.INC(EXP(-POWER(Y29/$E$16:$E$1015,$D$16:$D$1015)),0.5)} -> 0.22819916 | AB29: {=_xlfn.PERCENTILE.INC(EXP(-POWER(Y29/$E$16:$E$1015,$D$16:$D$1015)),0.9)} -> 0.27104627 | AD29: 6250 | AE29: {=_xlfn.PERCENTILE.INC(($D$16:$D$1015/$E$16:$E$1015)*POWER(AD29/$E$16:$E$1015,$D$16:$D$1015-1)*EXP(-POWER(AD29/$E$16:$E$1015,$D$16:$D$1015)),0.1)} -> 9.4691853e-05 | AF29: {=_xlfn.PERCENTILE.INC(($D$16:$D$1015/$E$16:$E$1015)*POWER(AD29/$E$16:$E$1015,$D$16:$D$1015-1)*EXP(-POWER(AD29/$E$16:$E$1015,$D$16:$D$1015)),0.5)} -> 0.00010391409 | AG29: {=_xlfn.PERCENTILE.INC(($D$16:$D$1015/$E$16:$E$1015)*POWER(AD29/$E$16:$E$1015,$D$16:$D$1015-1)*EXP(-POWER(AD29/$E$16:$E$1015,$D$16:$D$1015)),0.9)} -> 0.00011403011
A30: 15 | B30: =RAND() -> 0.55123537 | C30: =RAND() -> 0.86643187 | D30: {=_xlfn.SWITCH($B$4,"Normal MLE",EXP(_xlfn.NORM.INV(B30,LN($C$9),$E$9/$C$9)),"Uniforme",$B$9+($D$9-$B$9)*B30,"Triangular",IF(B30<=($C$9-$B$9)/($D$9-$B$9),$B$9+SQRT(B30*($D$9-$B$9)*($C$9-$B$9)),$D$9-SQRT((1-B30)*($D$9-$B$9)*($D$9-$C$9))),"PERT",_xlfn.BETA.INV(B30,1+$B$6*($C$9-$B$9)/($D$9-$B$9),1+$B$6*($D$9-$C$9)/($D$9-$B$9),$B$9,$D$9))} -> 1.9654193 | E30: {=_xlfn.SWITCH($B$4,"Normal MLE",EXP(_xlfn.NORM.INV(C30,LN($C$10),$E$10/$C$10)),"Uniforme",$B$10+($D$10-$B$10)*C30,"Triangular",IF(C30<=($C$10-$B$10)/($D$10-$B$10),$B$10+SQRT(C30*($D$10-$B$10)*($C$10-$B$10)),$D$10-SQRT((1-C30)*($D$10-$B$10)*($D$10-$C$10))),"PERT",_xlfn.BETA.INV(C30,1+$B$6*($C$10-$B$10)/($D$10-$B$10),1+$B$6*($D$10-$C$10)/($D$10-$B$10),$B$10,$D$10))} -> 5370.0374 | F30: =EXP(-POWER($B$12/E30,D30)) -> 0.57091379 | G30: =(D30/E30)*POWER($B$12/E30,D30-1)*EXP(-POWER($B$12/E30,D30)) -> 0.00015723694 | H30: 2 | Y30: 6500 | Z30: {=_xlfn.PERCENTILE.INC(EXP(-POWER(Y30/$E$16:$E$1015,$D$16:$D$1015)),0.1)} -> 0.16178438 | AA30: {=_xlfn.PERCENTILE.INC(EXP(-POWER(Y30/$E$16:$E$1015,$D$16:$D$1015)),0.5)} -> 0.20322801 | AB30: {=_xlfn.PERCENTILE.INC(EXP(-POWER(Y30/$E$16:$E$1015,$D$16:$D$1015)),0.9)} -> 0.24545741 | AD30: 6500 | AE30: {=_xlfn.PERCENTILE.INC(($D$16:$D$1015/$E$16:$E$1015)*POWER(AD30/$E$16:$E$1015,$D$16:$D$1015-1)*EXP(-POWER(AD30/$E$16:$E$1015,$D$16:$D$1015)),0.1)} -> 8.7065573e-05 | AF30: {=_xlfn.PERCENTILE.INC(($D$16:$D$1015/$E$16:$E$1015)*POWER(AD30/$E$16:$E$1015,$D$16:$D$1015-1)*EXP(-POWER(AD30/$E$16:$E$1015,$D$16:$D$1015)),0.5)} -> 9.5880476e-05 | AG30: {=_xlfn.PERCENTILE.INC(($D$16:$D$1015/$E$16:$E$1015)*POWER(AD30/$E$16:$E$1015,$D$16:$D$1015-1)*EXP(-POWER(AD30/$E$16:$E$1015,$D$16:$D$1015)),0.9)} -> 0.00010567373
A31: 16 | B31: =RAND() -> 0.98103649 | C31: =RAND() -> 0.89000749 | D31: {=_xlfn.SWITCH($B$4,"Normal MLE",EXP(_xlfn.NORM.INV(B31,LN($C$9),$E$9/$C$9)),"Uniforme",$B$9+($D$9-$B$9)*B31,"Triangular",IF(B31<=($C$9-$B$9)/($D$9-$B$9),$B$9+SQRT(B31*($D$9-$B$9)*($C$9-$B$9)),$D$9-SQRT((1-B31)*($D$9-$B$9)*($D$9-$C$9))),"PERT",_xlfn.BETA.INV(B31,1+$B$6*($C$9-$B$9)/($D$9-$B$9),1+$B$6*($D$9-$C$9)/($D$9-$B$9),$B$9,$D$9))} -> 2.2542164 | E31: {=_xlfn.SWITCH($B$4,"Normal MLE",EXP(_xlfn.NORM.INV(C31,LN($C$10),$E$10/$C$10)),"Uniforme",$B$10+($D$10-$B$10)*C31,"Triangular",IF(C31<=($C$10-$B$10)/($D$10-$B$10),$B$10+SQRT(C31*($D$10-$B$10)*($C$10-$B$10)),$D$10-SQRT((1-C31)*($D$10-$B$10)*($D$10-$C$10))),"PERT",_xlfn.BETA.INV(C31,1+$B$6*($C$10-$B$10)/($D$10-$B$10),1+$B$6*($D$10-$C$10)/($D$10-$B$10),$B$10,$D$10))} -> 5399.3258 | F31: =EXP(-POWER($B$12/E31,D31)) -> 0.60137534 | G31: =(D31/E31)*POWER($B$12/E31,D31-1)*EXP(-POWER($B$12/E31,D31)) -> 0.00017234669 | Y31: 6750 | Z31: {=_xlfn.PERCENTILE.INC(EXP(-POWER(Y31/$E$16:$E$1015,$D$16:$D$1015)),0.1)} -> 0.13976961 | AA31: {=_xlfn.PERCENTILE.INC(EXP(-POWER(Y31/$E$16:$E$1015,$D$16:$D$1015)),0.5)} -> 0.17999853 | AB31: {=_xlfn.PERCENTILE.INC(EXP(-POWER(Y31/$E$16:$E$1015,$D$16:$D$1015)),0.9)} -> 0.22138112 | AD31: 6750 | AE31: {=_xlfn.PERCENTILE.INC(($D$16:$D$1015/$E$16:$E$1015)*POWER(AD31/$E$16:$E$1015,$D$16:$D$1015-1)*EXP(-POWER(AD31/$E$16:$E$1015,$D$16:$D$1015)),0.1)} -> 7.9221108e-05 | AF31: {=_xlfn.PERCENTILE.INC(($D$16:$D$1015/$E$16:$E$1015)*POWER(AD31/$E$16:$E$1015,$D$16:$D$1015-1)*EXP(-POWER(AD31/$E$16:$E$1015,$D$16:$D$1015)),0.5)} -> 8.78752e-05 | AG31: {=_xlfn.PERCENTILE.INC(($D$16:$D$1015/$E$16:$E$1015)*POWER(AD31/$E$16:$E$1015,$D$16:$D$1015-1)*EXP(-POWER(AD31/$E$16:$E$1015,$D$16:$D$1015)),0.9)} -> 9.7386893e-05
A32: 17 | B32: =RAND() -> 0.73739703 | C32: =RAND() -> 0.15101504 | D32: {=_xlfn.SWITCH($B$4,"Normal MLE",EXP(_xlfn.NORM.INV(B32,LN($C$9),$E$9/$C$9)),"Uniforme",$B$9+($D$9-$B$9)*B32,"Triangular",IF(B32<=($C$9-$B$9)/($D$9-$B$9),$B$9+SQRT(B32*($D$9-$B$9)*($C$9-$B$9)),$D$9-SQRT((1-B32)*($D$9-$B$9)*($D$9-$C$9))),"PERT",_xlfn.BETA.INV(B32,1+$B$6*($C$9-$B$9)/($D$9-$B$9),1+$B$6*($D$9-$C$9)/($D$9-$B$9),$B$9,$D$9))} -> 2.0367943 | E32: {=_xlfn.SWITCH($B$4,"Normal MLE",EXP(_xlfn.NORM.INV(C32,LN($C$10),$E$10/$C$10)),"Uniforme",$B$10+($D$10-$B$10)*C32,"Triangular",IF(C32<=($C$10-$B$10)/($D$10-$B$10),$B$10+SQRT(C32*($D$10-$B$10)*($C$10-$B$10)),$D$10-SQRT((1-C32)*($D$10-$B$10)*($D$10-$C$10))),"PERT",_xlfn.BETA.INV(C32,1+$B$6*($C$10-$B$10)/($D$10-$B$10),1+$B$6*($D$10-$C$10)/($D$10-$B$10),$B$10,$D$10))} -> 4860.6348 | F32: =EXP(-POWER($B$12/E32,D32)) -> 0.51048805 | G32: =(D32/E32)*POWER($B$12/E32,D32-1)*EXP(-POWER($B$12/E32,D32)) -> 0.00017478041 | Y32: 7000 | Z32: {=_xlfn.PERCENTILE.INC(EXP(-POWER(Y32/$E$16:$E$1015,$D$16:$D$1015)),0.1)} -> 0.11996369 | AA32: {=_xlfn.PERCENTILE.INC(EXP(-POWER(Y32/$E$16:$E$1015,$D$16:$D$1015)),0.5)} -> 0.15915749 | AB32: {=_xlfn.PERCENTILE.INC(EXP(-POWER(Y32/$E$16:$E$1015,$D$16:$D$1015)),0.9)} -> 0.19920854 | AD32: 7000 | AE32: {=_xlfn.PERCENTILE.INC(($D$16:$D$1015/$E$16:$E$1015)*POWER(AD32/$E$16:$E$1015,$D$16:$D$1015-1)*EXP(-POWER(AD32/$E$16:$E$1015,$D$16:$D$1015)),0.1)} -> 7.1723391e-05 | AF32: {=_xlfn.PERCENTILE.INC(($D$16:$D$1015/$E$16:$E$1015)*POWER(AD32/$E$16:$E$1015,$D$16:$D$1015-1)*EXP(-POWER(AD32/$E$16:$E$1015,$D$16:$D$1015)),0.5)} -> 8.0307161e-05 | AG32: {=_xlfn.PERCENTILE.INC(($D$16:$D$1015/$E$16:$E$1015)*POWER(AD32/$E$16:$E$1015,$D$16:$D$1015-1)*EXP(-POWER(AD32/$E$16:$E$1015,$D$16:$D$1015)),0.9)} -> 8.9490773e-05
A33: 18 | B33: =RAND() -> 0.27336576 | C33: =RAND() -> 0.61502659 | D33: {=_xlfn.SWITCH($B$4,"Normal MLE",EXP(_xlfn.NORM.INV(B33,LN($C$9),$E$9/$C$9)),"Uniforme",$B$9+($D$9-$B$9)*B33,"Triangular",IF(B33<=($C$9-$B$9)/($D$9-$B$9),$B$9+SQRT(B33*($D$9-$B$9)*($C$9-$B$9)),$D$9-SQRT((1-B33)*($D$9-$B$9)*($D$9-$C$9))),"PERT",_xlfn.BETA.INV(B33,1+$B$6*($C$9-$B$9)/($D$9-$B$9),1+$B$6*($D$9-$C$9)/($D$9-$B$9),$B$9,$D$9))} -> 1.8667471 | E33: {=_xlfn.SWITCH($B$4,"Normal MLE",EXP(_xlfn.NORM.INV(C33,LN($C$10),$E$10/$C$10)),"Uniforme",$B$10+($D$10-$B$10)*C33,"Triangular",IF(C33<=($C$10-$B$10)/($D$10-$B$10),$B$10+SQRT(C33*($D$10-$B$10)*($C$10-$B$10)),$D$10-SQRT((1-C33)*($D$10-$B$10)*($D$10-$C$10))),"PERT",_xlfn.BETA.INV(C33,1+$B$6*($C$10-$B$10)/($D$10-$B$10),1+$B$6*($D$10-$C$10)/($D$10-$B$10),$B$10,$D$10))} -> 5169.6517 | F33: =EXP(-POWER($B$12/E33,D33)) -> 0.53821298 | G33: =(D33/E33)*POWER($B$12/E33,D33-1)*EXP(-POWER($B$12/E33,D33)) -> 0.00015560431 | Y33: 7250 | Z33: {=_xlfn.PERCENTILE.INC(EXP(-POWER(Y33/$E$16:$E$1015,$D$16:$D$1015)),0.1)} -> 0.10306106 | AA33: {=_xlfn.PERCENTILE.INC(EXP(-POWER(Y33/$E$16:$E$1015,$D$16:$D$1015)),0.5)} -> 0.1395579 | AB33: {=_xlfn.PERCENTILE.INC(EXP(-POWER(Y33/$E$16:$E$1015,$D$16:$D$1015)),0.9)} -> 0.17799126 | AD33: 7250 | AE33: {=_xlfn.PERCENTILE.INC(($D$16:$D$1015/$E$16:$E$1015)*POWER(AD33/$E$16:$E$1015,$D$16:$D$1015-1)*EXP(-POWER(AD33/$E$16:$E$1015,$D$16:$D$1015)),0.1)} -> 6.4075735e-05 | AF33: {=_xlfn.PERCENTILE.INC(($D$16:$D$1015/$E$16:$E$1015)*POWER(AD33/$E$16:$E$1015,$D$16:$D$1015-1)*EXP(-POWER(AD33/$E$16:$E$1015,$D$16:$D$1015)),0.5)} -> 7.252555e-05 | AG33: {=_xlfn.PERCENTILE.INC(($D$16:$D$1015/$E$16:$E$1015)*POWER(AD33/$E$16:$E$1015,$D$16:$D$1015-1)*EXP(-POWER(AD33/$E$16:$E$1015,$D$16:$D$1015)),0.9)} -> 8.1942396e-05
A34: 19 | B34: =RAND() -> 0.9079717 | C34: =RAND() -> 0.88287882 | D34: {=_xlfn.SWITCH($B$4,"Normal MLE",EXP(_xlfn.NORM.INV(B34,LN($C$9),$E$9/$C$9)),"Uniforme",$B$9+($D$9-$B$9)*B34,"Triangular",IF(B34<=($C$9-$B$9)/($D$9-$B$9),$B$9+SQRT(B34*($D$9-$B$9)*($C$9-$B$9)),$D$9-SQRT((1-B34)*($D$9-$B$9)*($D$9-$C$9))),"PERT",_xlfn.BETA.INV(B34,1+$B$6*($C$9-$B$9)/($D$9-$B$9),1+$B$6*($D$9-$C$9)/($D$9-$B$9),$B$9,$D$9))} -> 2.1386606 | E34: {=_xlfn.SWITCH($B$4,"Normal MLE",EXP(_xlfn.NORM.INV(C34,LN($C$10),$E$10/$C$10)),"Uniforme",$B$10+($D$10-$B$10)*C34,"Triangular",IF(C34<=($C$10-$B$10)/($D$10-$B$10),$B$10+SQRT(C34*($D$10-$B$10)*($C$10-$B$10)),$D$10-SQRT((1-C34)*($D$10-$B$10)*($D$10-$C$10))),"PERT",_xlfn.BETA.INV(C34,1+$B$6*($C$10-$B$10)/($D$10-$B$10),1+$B$6*($D$10-$C$10)/($D$10-$B$10),$B$10,$D$10))} -> 5390.0207 | F34: =EXP(-POWER($B$12/E34,D34)) -> 0.58953635 | G34: =(D34/E34)*POWER($B$12/E34,D34-1)*EXP(-POWER($B$12/E34,D34)) -> 0.00016656004 | Y34: 7500 | Z34: {=_xlfn.PERCENTILE.INC(EXP(-POWER(Y34/$E$16:$E$1015,$D$16:$D$1015)),0.1)} -> 0.087691466 | AA34: {=_xlfn.PERCENTILE.INC(EXP(-POWER(Y34/$E$16:$E$1015,$D$16:$D$1015)),0.5)} -> 0.12183697 | AB34: {=_xlfn.PERCENTILE.INC(EXP(-POWER(Y34/$E$16:$E$1015,$D$16:$D$1015)),0.9)} -> 0.15888534 | AD34: 7500 | AE34: {=_xlfn.PERCENTILE.INC(($D$16:$D$1015/$E$16:$E$1015)*POWER(AD34/$E$16:$E$1015,$D$16:$D$1015-1)*EXP(-POWER(AD34/$E$16:$E$1015,$D$16:$D$1015)),0.1)} -> 5.6853269e-05 | AF34: {=_xlfn.PERCENTILE.INC(($D$16:$D$1015/$E$16:$E$1015)*POWER(AD34/$E$16:$E$1015,$D$16:$D$1015-1)*EXP(-POWER(AD34/$E$16:$E$1015,$D$16:$D$1015)),0.5)} -> 6.5510548e-05 | AG34: {=_xlfn.PERCENTILE.INC(($D$16:$D$1015/$E$16:$E$1015)*POWER(AD34/$E$16:$E$1015,$D$16:$D$1015-1)*EXP(-POWER(AD34/$E$16:$E$1015,$D$16:$D$1015)),0.9)} -> 7.4637123e-05
A35: 20 | B35: =RAND() -> 0.2513556 | C35: =RAND() -> 0.30504802 | D35: {=_xlfn.SWITCH($B$4,"Normal MLE",EXP(_xlfn.NORM.INV(B35,LN($C$9),$E$9/$C$9)),"Uniforme",$B$9+($D$9-$B$9)*B35,"Triangular",IF(B35<=($C$9-$B$9)/($D$9-$B$9),$B$9+SQRT(B35*($D$9-$B$9)*($C$9-$B$9)),$D$9-SQRT((1-B35)*($D$9-$B$9)*($D$9-$C$9))),"PERT",_xlfn.BETA.INV(B35,1+$B$6*($C$9-$B$9)/($D$9-$B$9),1+$B$6*($D$9-$C$9)/($D$9-$B$9),$B$9,$D$9))} -> 1.8578865 | E35: {=_xlfn.SWITCH($B$4,"Normal MLE",EXP(_xlfn.NORM.INV(C35,LN($C$10),$E$10/$C$10)),"Uniforme",$B$10+($D$10-$B$10)*C35,"Triangular",IF(C35<=($C$10-$B$10)/($D$10-$B$10),$B$10+SQRT(C35*($D$10-$B$10)*($C$10-$B$10)),$D$10-SQRT((1-C35)*($D$10-$B$10)*($D$10-$C$10))),"PERT",_xlfn.BETA.INV(C35,1+$B$6*($C$10-$B$10)/($D$10-$B$10),1+$B$6*($D$10-$C$10)/($D$10-$B$10),$B$10,$D$10))} -> 4980.1852 | F35: =EXP(-POWER($B$12/E35,D35)) -> 0.51401009 | G35: =(D35/E35)*POWER($B$12/E35,D35-1)*EXP(-POWER($B$12/E35,D35)) -> 0.00015888649 | Y35: 7750 | Z35: {=_xlfn.PERCENTILE.INC(EXP(-POWER(Y35/$E$16:$E$1015,$D$16:$D$1015)),0.1)} -> 0.074388021 | AA35: {=_xlfn.PERCENTILE.INC(EXP(-POWER(Y35/$E$16:$E$1015,$D$16:$D$1015)),0.5)} -> 0.10588716 | AB35: {=_xlfn.PERCENTILE.INC(EXP(-POWER(Y35/$E$16:$E$1015,$D$16:$D$1015)),0.9)} -> 0.14134508 | AD35: 7750 | AE35: {=_xlfn.PERCENTILE.INC(($D$16:$D$1015/$E$16:$E$1015)*POWER(AD35/$E$16:$E$1015,$D$16:$D$1015-1)*EXP(-POWER(AD35/$E$16:$E$1015,$D$16:$D$1015)),0.1)} -> 4.9989557e-05 | AF35: {=_xlfn.PERCENTILE.INC(($D$16:$D$1015/$E$16:$E$1015)*POWER(AD35/$E$16:$E$1015,$D$16:$D$1015-1)*EXP(-POWER(AD35/$E$16:$E$1015,$D$16:$D$1015)),0.5)} -> 5.8808106e-05 | AG35: {=_xlfn.PERCENTILE.INC(($D$16:$D$1015/$E$16:$E$1015)*POWER(AD35/$E$16:$E$1015,$D$16:$D$1015-1)*EXP(-POWER(AD35/$E$16:$E$1015,$D$16:$D$1015)),0.9)} -> 6.8188525e-05
A36: 21 | B36: =RAND() -> 0.1184614 | C36: =RAND() -> 0.86200052 | D36: {=_xlfn.SWITCH($B$4,"Normal MLE",EXP(_xlfn.NORM.INV(B36,LN($C$9),$E$9/$C$9)),"Uniforme",$B$9+($D$9-$B$9)*B36,"Triangular",IF(B36<=($C$9-$B$9)/($D$9-$B$9),$B$9+SQRT(B36*($D$9-$B$9)*($C$9-$B$9)),$D$9-SQRT((1-B36)*($D$9-$B$9)*($D$9-$C$9))),"PERT",_xlfn.BETA.INV(B36,1+$B$6*($C$9-$B$9)/($D$9-$B$9),1+$B$6*($D$9-$C$9)/($D$9-$B$9),$B$9,$D$9))} -> 1.792033 | E36: {=_xlfn.SWITCH($B$4,"Normal MLE",EXP(_xlfn.NORM.INV(C36,LN($C$10),$E$10/$C$10)),"Uniforme",$B$10+($D$10-$B$10)*C36,"Triangular",IF(C36<=($C$10-$B$10)/($D$10-$B$10),$B$10+SQRT(C36*($D$10-$B$10)*($C$10-$B$10)),$D$10-SQRT((1-C36)*($D$10-$B$10)*($D$10-$C$10))),"PERT",_xlfn.BETA.INV(C36,1+$B$6*($C$10-$B$10)/($D$10-$B$10),1+$B$6*($D$10-$C$10)/($D$10-$B$10),$B$10,$D$10))} -> 5364.9594 | F36: =EXP(-POWER($B$12/E36,D36)) -> 0.55383597 | G36: =(D36/E36)*POWER($B$12/E36,D36-1)*EXP(-POWER($B$12/E36,D36)) -> 0.00014661263 | Y36: 8000 | Z36: {=_xlfn.PERCENTILE.INC(EXP(-POWER(Y36/$E$16:$E$1015,$D$16:$D$1015)),0.1)} -> 0.062636083 | AA36: {=_xlfn.PERCENTILE.INC(EXP(-POWER(Y36/$E$16:$E$1015,$D$16:$D$1015)),0.5)} -> 0.091677208 | AB36: {=_xlfn.PERCENTILE.INC(EXP(-POWER(Y36/$E$16:$E$1015,$D$16:$D$1015)),0.9)} -> 0.12504982 | AD36: 8000 | AE36: {=_xlfn.PERCENTILE.INC(($D$16:$D$1015/$E$16:$E$1015)*POWER(AD36/$E$16:$E$1015,$D$16:$D$1015-1)*EXP(-POWER(AD36/$E$16:$E$1015,$D$16:$D$1015)),0.1)} -> 4.3644222e-05 | AF36: {=_xlfn.PERCENTILE.INC(($D$16:$D$1015/$E$16:$E$1015)*POWER(AD36/$E$16:$E$1015,$D$16:$D$1015-1)*EXP(-POWER(AD36/$E$16:$E$1015,$D$16:$D$1015)),0.5)} -> 5.2634468e-05 | AG36: {=_xlfn.PERCENTILE.INC(($D$16:$D$1015/$E$16:$E$1015)*POWER(AD36/$E$16:$E$1015,$D$16:$D$1015-1)*EXP(-POWER(AD36/$E$16:$E$1015,$D$16:$D$1015)),0.9)} -> 6.175161e-05
A37: 22 | B37: =RAND() -> 0.53616474 | C37: =RAND() -> 0.31979648 | D37: {=_xlfn.SWITCH($B$4,"Normal MLE",EXP(_xlfn.NORM.INV(B37,LN($C$9),$E$9/$C$9)),"Uniforme",$B$9+($D$9-$B$9)*B37,"Triangular",IF(B37<=($C$9-$B$9)/($D$9-$B$9),$B$9+SQRT(B37*($D$9-$B$9)*($C$9-$B$9)),$D$9-SQRT((1-B37)*($D$9-$B$9)*($D$9-$C$9))),"PERT",_xlfn.BETA.INV(B37,1+$B$6*($C$9-$B$9)/($D$9-$B$9),1+$B$6*($D$9-$C$9)/($D$9-$B$9),$B$9,$D$9))} -> 1.960166 | E37: {=_xlfn.SWITCH($B$4,"Normal MLE",EXP(_xlfn.NORM.INV(C37,LN($C$10),$E$10/$C$10)),"Uniforme",$B$10+($D$10-$B$10)*C37,"Triangular",IF(C37<=($C$10-$B$10)/($D$10-$B$10),$B$10+SQRT(C37*($D$10-$B$10)*($C$10-$B$10)),$D$10-SQRT((1-C37)*($D$10-$B$10)*($D$10-$C$10))),"PERT",_xlfn.BETA.INV(C37,1+$B$6*($C$10-$B$10)/($D$10-$B$10),1+$B$6*($D$10-$C$10)/($D$10-$B$10),$B$10,$D$10))} -> 4989.8512 | F37: =EXP(-POWER($B$12/E37,D37)) -> 0.52293875 | G37: =(D37/E37)*POWER($B$12/E37,D37-1)*EXP(-POWER($B$12/E37,D37)) -> 0.00016613213 | Y37: 8250 | Z37: {=_xlfn.PERCENTILE.INC(EXP(-POWER(Y37/$E$16:$E$1015,$D$16:$D$1015)),0.1)} -> 0.052096804 | AA37: {=_xlfn.PERCENTILE.INC(EXP(-POWER(Y37/$E$16:$E$1015,$D$16:$D$1015)),0.5)} -> 0.078918649 | AB37: {=_xlfn.PERCENTILE.INC(EXP(-POWER(Y37/$E$16:$E$1015,$D$16:$D$1015)),0.9)} -> 0.1103813 | AD37: 8250 | AE37: {=_xlfn.PERCENTILE.INC(($D$16:$D$1015/$E$16:$E$1015)*POWER(AD37/$E$16:$E$1015,$D$16:$D$1015-1)*EXP(-POWER(AD37/$E$16:$E$1015,$D$16:$D$1015)),0.1)} -> 3.7747327e-05 | AF37: {=_xlfn.PERCENTILE.INC(($D$16:$D$1015/$E$16:$E$1015)*POWER(AD37/$E$16:$E$1015,$D$16:$D$1015-1)*EXP(-POWER(AD37/$E$16:$E$1015,$D$16:$D$1015)),0.5)} -> 4.6919439e-05 | AG37: {=_xlfn.PERCENTILE.INC(($D$16:$D$1015/$E$16:$E$1015)*POWER(AD37/$E$16:$E$1015,$D$16:$D$1015-1)*EXP(-POWER(AD37/$E$16:$E$1015,$D$16:$D$1015)),0.9)} -> 5.5571535e-05
A38: 23 | B38: =RAND() -> 0.6393781 | C38: =RAND() -> 0.063717125 | D38: {=_xlfn.SWITCH($B$4,"Normal MLE",EXP(_xlfn.NORM.INV(B38,LN($C$9),$E$9/$C$9)),"Uniforme",$B$9+($D$9-$B$9)*B38,"Triangular",IF(B38<=($C$9-$B$9)/($D$9-$B$9),$B$9+SQRT(B38*($D$9-$B$9)*($C$9-$B$9)),$D$9-SQRT((1-B38)*($D$9-$B$9)*($D$9-$C$9))),"PERT",_xlfn.BETA.INV(B38,1+$B$6*($C$9-$B$9)/($D$9-$B$9),1+$B$6*($D$9-$C$9)/($D$9-$B$9),$B$9,$D$9))} -> 1.997232 | E38: {=_xlfn.SWITCH($B$4,"Normal MLE",EXP(_xlfn.NORM.INV(C38,LN($C$10),$E$10/$C$10)),"Uniforme",$B$10+($D$10-$B$10)*C38,"Triangular",IF(C38<=($C$10-$B$10)/($D$10-$B$10),$B$10+SQRT(C38*($D$10-$B$10)*($C$10-$B$10)),$D$10-SQRT((1-C38)*($D$10-$B$10)*($D$10-$C$10))),"PERT",_xlfn.BETA.INV(C38,1+$B$6*($C$10-$B$10)/($D$10-$B$10),1+$B$6*($D$10-$C$10)/($D$10-$B$10),$B$10,$D$10))} -> 4750.5693 | F38: =EXP(-POWER($B$12/E38,D38)) -> 0.4919841 | G38: =(D38/E38)*POWER($B$12/E38,D38-1)*EXP(-POWER($B$12/E38,D38)) -> 0.00017424286 | Y38: 8500 | Z38: {=_xlfn.PERCENTILE.INC(EXP(-POWER(Y38/$E$16:$E$1015,$D$16:$D$1015)),0.1)} -> 0.043301581 | AA38: {=_xlfn.PERCENTILE.INC(EXP(-POWER(Y38/$E$16:$E$1015,$D$16:$D$1015)),0.5)} -> 0.067492704 | AB38: {=_xlfn.PERCENTILE.INC(EXP(-POWER(Y38/$E$16:$E$1015,$D$16:$D$1015)),0.9)} -> 0.097176581 | AD38: 8500 | AE38: {=_xlfn.PERCENTILE.INC(($D$16:$D$1015/$E$16:$E$1015)*POWER(AD38/$E$16:$E$1015,$D$16:$D$1015-1)*EXP(-POWER(AD38/$E$16:$E$1015,$D$16:$D$1015)),0.1)} -> 3.2292216e-05 | AF38: {=_xlfn.PERCENTILE.INC(($D$16:$D$1015/$E$16:$E$1015)*POWER(AD38/$E$16:$E$1015,$D$16:$D$1015-1)*EXP(-POWER(AD38/$E$16:$E$1015,$D$16:$D$1015)),0.5)} -> 4.1651491e-05 | AG38: {=_xlfn.PERCENTILE.INC(($D$16:$D$1015/$E$16:$E$1015)*POWER(AD38/$E$16:$E$1015,$D$16:$D$1015-1)*EXP(-POWER(AD38/$E$16:$E$1015,$D$16:$D$1015)),0.9)} -> 5.0183747e-05
A39: 24 | B39: =RAND() -> 0.21523692 | C39: =RAND() -> 0.16752481 | D39: {=_xlfn.SWITCH($B$4,"Normal MLE",EXP(_xlfn.NORM.INV(B39,LN($C$9),$E$9/$C$9)),"Uniforme",$B$9+($D$9-$B$9)*B39,"Triangular",IF(B39<=($C$9-$B$9)/($D$9-$B$9),$B$9+SQRT(B39*($D$9-$B$9)*($C$9-$B$9)),$D$9-SQRT((1-B39)*($D$9-$B$9)*($D$9-$C$9))),"PERT",_xlfn.BETA.INV(B39,1+$B$6*($C$9-$B$9)/($D$9-$B$9),1+$B$6*($D$9-$C$9)/($D$9-$B$9),$B$9,$D$9))} -> 1.8424927 | E39: {=_xlfn.SWITCH($B$4,"Normal MLE",EXP(_xlfn.NORM.INV(C39,LN($C$10),$E$10/$C$10)),"Uniforme",$B$10+($D$10-$B$10)*C39,"Triangular",IF(C39<=($C$10-$B$10)/($D$10-$B$10),$B$10+SQRT(C39*($D$10-$B$10)*($C$10-$B$10)),$D$10-SQRT((1-C39)*($D$10-$B$10)*($D$10-$C$10))),"PERT",_xlfn.BETA.INV(C39,1+$B$6*($C$10-$B$10)/($D$10-$B$10),1+$B$6*($D$10-$C$10)/($D$10-$B$10),$B$10,$D$10))} -> 4876.0618 | F39: =EXP(-POWER($B$12/E39,D39)) -> 0.4994387 | G39: =(D39/E39)*POWER($B$12/E39,D39-1)*EXP(-POWER($B$12/E39,D39)) -> 0.00015971902 | Y39: 8750 | Z39: {=_xlfn.PERCENTILE.INC(EXP(-POWER(Y39/$E$16:$E$1015,$D$16:$D$1015)),0.1)} -> 0.035697218 | AA39: {=_xlfn.PERCENTILE.INC(EXP(-POWER(Y39/$E$16:$E$1015,$D$16:$D$1015)),0.5)} -> 0.057753067 | AB39: {=_xlfn.PERCENTILE.INC(EXP(-POWER(Y39/$E$16:$E$1015,$D$16:$D$1015)),0.9)} -> 0.084945946 | AD39: 8750 | AE39: {=_xlfn.PERCENTILE.INC(($D$16:$D$1015/$E$16:$E$1015)*POWER(AD39/$E$16:$E$1015,$D$16:$D$1015-1)*EXP(-POWER(AD39/$E$16:$E$1015,$D$16:$D$1015)),0.1)} -> 2.7563763e-05 | AF39: {=_xlfn.PERCENTILE.INC(($D$16:$D$1015/$E$16:$E$1015)*POWER(AD39/$E$16:$E$1015,$D$16:$D$1015-1)*EXP(-POWER(AD39/$E$16:$E$1015,$D$16:$D$1015)),0.5)} -> 3.6766144e-05 | AG39: {=_xlfn.PERCENTILE.INC(($D$16:$D$1015/$E$16:$E$1015)*POWER(AD39/$E$16:$E$1015,$D$16:$D$1015-1)*EXP(-POWER(AD39/$E$16:$E$1015,$D$16:$D$1015)),0.9)} -> 4.5175418e-05
A40: 25 | B40: =RAND() -> 0.40836285 | C40: =RAND() -> 0.047838961 | D40: {=_xlfn.SWITCH($B$4,"Normal MLE",EXP(_xlfn.NORM.INV(B40,LN($C$9),$E$9/$C$9)),"Uniforme",$B$9+($D$9-$B$9)*B40,"Triangular",IF(B40<=($C$9-$B$9)/($D$9-$B$9),$B$9+SQRT(B40*($D$9-$B$9)*($C$9-$B$9)),$D$9-SQRT((1-B40)*($D$9-$B$9)*($D$9-$C$9))),"PERT",_xlfn.BETA.INV(B40,1+$B$6*($C$9-$B$9)/($D$9-$B$9),1+$B$6*($D$9-$C$9)/($D$9-$B$9),$B$9,$D$9))} -> 1.9161471 | E40: {=_xlfn.SWITCH($B$4,"Normal MLE",EXP(_xlfn.NORM.INV(C40,LN($C$10),$E$10/$C$10)),"Uniforme",$B$10+($D$10-$B$10)*C40,"Triangular",IF(C40<=($C$10-$B$10)/($D$10-$B$10),$B$10+SQRT(C40*($D$10-$B$10)*($C$10-$B$10)),$D$10-SQRT((1-C40)*($D$10-$B$10)*($D$10-$C$10))),"PERT",_xlfn.BETA.INV(C40,1+$B$6*($C$10-$B$10)/($D$10-$B$10),1+$B$6*($D$10-$C$10)/($D$10-$B$10),$B$10,$D$10))} -> 4719.308 | F40: =EXP(-POWER($B$12/E40,D40)) -> 0.48266805 | G40: =(D40/E40)*POWER($B$12/E40,D40-1)*EXP(-POWER($B$12/E40,D40)) -> 0.00016842359 | Y40: 9000 | Z40: {=_xlfn.PERCENTILE.INC(EXP(-POWER(Y40/$E$16:$E$1015,$D$16:$D$1015)),0.1)} -> 0.029418981 | AA40: {=_xlfn.PERCENTILE.INC(EXP(-POWER(Y40/$E$16:$E$1015,$D$16:$D$1015)),0.5)} -> 0.049196376 | AB40: {=_xlfn.PERCENTILE.INC(EXP(-POWER(Y40/$E$16:$E$1015,$D$16:$D$1015)),0.9)} -> 0.074788056 | AD40: 9000 | AE40: {=_xlfn.PERCENTILE.INC(($D$16:$D$1015/$E$16:$E$1015)*POWER(AD40/$E$16:$E$1015,$D$16:$D$1015-1)*EXP(-POWER(AD40/$E$16:$E$1015,$D$16:$D$1015)),0.1)} -> 2.3392886e-05 | AF40: {=_xlfn.PERCENTILE.INC(($D$16:$D$1015/$E$16:$E$1015)*POWER(AD40/$E$16:$E$1015,$D$16:$D$1015-1)*EXP(-POWER(AD40/$E$16:$E$1015,$D$16:$D$1015)),0.5)} -> 3.2239461e-05 | AG40: {=_xlfn.PERCENTILE.INC(($D$16:$D$1015/$E$16:$E$1015)*POWER(AD40/$E$16:$E$1015,$D$16:$D$1015-1)*EXP(-POWER(AD40/$E$16:$E$1015,$D$16:$D$1015)),0.9)} -> 4.0490862e-05
A41: 26 | B41: =RAND() -> 0.33416405 | C41: =RAND() -> 0.32123282 | D41: {=_xlfn.SWITCH($B$4,"Normal MLE",EXP(_xlfn.NORM.INV(B41,LN($C$9),$E$9/$C$9)),"Uniforme",$B$9+($D$9-$B$9)*B41,"Triangular",IF(B41<=($C$9-$B$9)/($D$9-$B$9),$B$9+SQRT(B41*($D$9-$B$9)*($C$9-$B$9)),$D$9-SQRT((1-B41)*($D$9-$B$9)*($D$9-$C$9))),"PERT",_xlfn.BETA.INV(B41,1+$B$6*($C$9-$B$9)/($D$9-$B$9),1+$B$6*($D$9-$C$9)/($D$9-$B$9),$B$9,$D$9))} -> 1.8897905 | E41: {=_xlfn.SWITCH($B$4,"Normal MLE",EXP(_xlfn.NORM.INV(C41,LN($C$10),$E$10/$C$10)),"Uniforme",$B$10+($D$10-$B$10)*C41,"Triangular",IF(C41<=($C$10-$B$10)/($D$10-$B$10),$B$10+SQRT(C41*($D$10-$B$10)*($C$10-$B$10)),$D$10-SQRT((1-C41)*($D$10-$B$10)*($D$10-$C$10))),"PERT",_xlfn.BETA.INV(C41,1+$B$6*($C$10-$B$10)/($D$10-$B$10),1+$B$6*($D$10-$C$10)/($D$10-$B$10),$B$10,$D$10))} -> 4990.7833 | F41: =EXP(-POWER($B$12/E41,D41)) -> 0.51776934 | G41: =(D41/E41)*POWER($B$12/E41,D41-1)*EXP(-POWER($B$12/E41,D41)) -> 0.00016101438 | Y41: 9250 | Z41: {=_xlfn.PERCENTILE.INC(EXP(-POWER(Y41/$E$16:$E$1015,$D$16:$D$1015)),0.1)} -> 0.02399617 | AA41: {=_xlfn.PERCENTILE.INC(EXP(-POWER(Y41/$E$16:$E$1015,$D$16:$D$1015)),0.5)} -> 0.041868562 | AB41: {=_xlfn.PERCENTILE.INC(EXP(-POWER(Y41/$E$16:$E$1015,$D$16:$D$1015)),0.9)} -> 0.065716922 | AD41: 9250 | AE41: {=_xlfn.PERCENTILE.INC(($D$16:$D$1015/$E$16:$E$1015)*POWER(AD41/$E$16:$E$1015,$D$16:$D$1015-1)*EXP(-POWER(AD41/$E$16:$E$1015,$D$16:$D$1015)),0.1)} -> 1.9744063e-05 | AF41: {=_xlfn.PERCENTILE.INC(($D$16:$D$1015/$E$16:$E$1015)*POWER(AD41/$E$16:$E$1015,$D$16:$D$1015-1)*EXP(-POWER(AD41/$E$16:$E$1015,$D$16:$D$1015)),0.5)} -> 2.8013157e-05 | AG41: {=_xlfn.PERCENTILE.INC(($D$16:$D$1015/$E$16:$E$1015)*POWER(AD41/$E$16:$E$1015,$D$16:$D$1015-1)*EXP(-POWER(AD41/$E$16:$E$1015,$D$16:$D$1015)),0.9)} -> 3.6157953e-05
A42: 27 | B42: =RAND() -> 0.55417417 | C42: =RAND() -> 0.68871496 | D42: {=_xlfn.SWITCH($B$4,"Normal MLE",EXP(_xlfn.NORM.INV(B42,LN($C$9),$E$9/$C$9)),"Uniforme",$B$9+($D$9-$B$9)*B42,"Triangular",IF(B42<=($C$9-$B$9)/($D$9-$B$9),$B$9+SQRT(B42*($D$9-$B$9)*($C$9-$B$9)),$D$9-SQRT((1-B42)*($D$9-$B$9)*($D$9-$C$9))),"PERT",_xlfn.BETA.INV(B42,1+$B$6*($C$9-$B$9)/($D$9-$B$9),1+$B$6*($D$9-$C$9)/($D$9-$B$9),$B$9,$D$9))} -> 1.9664481 | E42: {=_xlfn.SWITCH($B$4,"Normal MLE",EXP(_xlfn.NORM.INV(C42,LN($C$10),$E$10/$C$10)),"Uniforme",$B$10+($D$10-$B$10)*C42,"Triangular",IF(C42<=($C$10-$B$10)/($D$10-$B$10),$B$10+SQRT(C42*($D$10-$B$10)*($C$10-$B$10)),$D$10-SQRT((1-C42)*($D$10-$B$10)*($D$10-$C$10))),"PERT",_xlfn.BETA.INV(C42,1+$B$6*($C$10-$B$10)/($D$10-$B$10),1+$B$6*($D$10-$C$10)/($D$10-$B$10),$B$10,$D$10))} -> 5217.9328 | F42: =EXP(-POWER($B$12/E42,D42)) -> 0.55271094 | G42: =(D42/E42)*POWER($B$12/E42,D42-1)*EXP(-POWER($B$12/E42,D42)) -> 0.00016110787 | Y42: 9500 | Z42: {=_xlfn.PERCENTILE.INC(EXP(-POWER(Y42/$E$16:$E$1015,$D$16:$D$1015)),0.1)} -> 0.019555443 | AA42: {=_xlfn.PERCENTILE.INC(EXP(-POWER(Y42/$E$16:$E$1015,$D$16:$D$1015)),0.5)} -> 0.035447626 | AB42: {=_xlfn.PERCENTILE.INC(EXP(-POWER(Y42/$E$16:$E$1015,$D$16:$D$1015)),0.9)} -> 0.057861581 | AD42: 9500 | AE42: {=_xlfn.PERCENTILE.INC(($D$16:$D$1015/$E$16:$E$1015)*POWER(AD42/$E$16:$E$1015,$D$16:$D$1015-1)*EXP(-POWER(AD42/$E$16:$E$1015,$D$16:$D$1015)),0.1)} -> 1.6405082e-05 | AF42: {=_xlfn.PERCENTILE.INC(($D$16:$D$1015/$E$16:$E$1015)*POWER(AD42/$E$16:$E$1015,$D$16:$D$1015-1)*EXP(-POWER(AD42/$E$16:$E$1015,$D$16:$D$1015)),0.5)} -> 2.4249993e-05 | AG42: {=_xlfn.PERCENTILE.INC(($D$16:$D$1015/$E$16:$E$1015)*POWER(AD42/$E$16:$E$1015,$D$16:$D$1015-1)*EXP(-POWER(AD42/$E$16:$E$1015,$D$16:$D$1015)),0.9)} -> 3.2164308e-05
... A44: 29 | B44: =RAND() -> 0.55758897 | C44: =RAND() -> 0.34630219 | D44: {=_xlfn.SWITCH($B$4,"Normal MLE",EXP(_xlfn.NORM.INV(B44,LN($C$9),$E$9/$C$9)),"Uniforme",$B$9+($D$9-$B$9)*B44,"Triangular",IF(B44<=($C$9-$B$9)/($D$9-$B$9),$B$9+SQRT(B44*($D$9-$B$9)*($C$9-$B$9)),$D$9-SQRT((1-B44)*($D$9-$B$9)*($D$9-$C$9))),"PERT",_xlfn.BETA.INV(B44,1+$B$6*($C$9-$B$9)/($D$9-$B$9),1+$B$6*($D$9-$C$9)/($D$9-$B$9),$B$9,$D$9))} -> 1.9676456 | E44: {=_xlfn.SWITCH($B$4,"Normal MLE",EXP(_xlfn.NORM.INV(C44,LN($C$10),$E$10/$C$10)),"Uniforme",$B$10+($D$10-$B$10)*C44,"Triangular",IF(C44<=($C$10-$B$10)/($D$10-$B$10),$B$10+SQRT(C44*($D$10-$B$10)*($C$10-$B$10)),$D$10-SQRT((1-C44)*($D$10-$B$10)*($D$10-$C$10))),"PERT",_xlfn.BETA.INV(C44,1+$B$6*($C$10-$B$10)/($D$10-$B$10),1+$B$6*($D$10-$C$10)/($D$10-$B$10),$B$10,$D$10))} -> 5006.8177 | F44: =EXP(-POWER($B$12/E44,D44)) -> 0.52575957 | G44: =(D44/E44)*POWER($B$12/E44,D44-1)*EXP(-POWER($B$12/E44,D44)) -> 0.00016627429 | Y44: 10000 | Z44: {=_xlfn.PERCENTILE.INC(EXP(-POWER(Y44/$E$16:$E$1015,$D$16:$D$1015)),0.1)} -> 0.01265212 | AA44: {=_xlfn.PERCENTILE.INC(EXP(-POWER(Y44/$E$16:$E$1015,$D$16:$D$1015)),0.5)} -> 0.02494692 | AB44: {=_xlfn.PERCENTILE.INC(EXP(-POWER(Y44/$E$16:$E$1015,$D$16:$D$1015)),0.9)} -> 0.043879291 | AD44: 10000 | AE44: {=_xlfn.PERCENTILE.INC(($D$16:$D$1015/$E$16:$E$1015)*POWER(AD44/$E$16:$E$1015,$D$16:$D$1015-1)*EXP(-POWER(AD44/$E$16:$E$1015,$D$16:$D$1015)),0.1)} -> 1.1218953e-05 | AF44: {=_xlfn.PERCENTILE.INC(($D$16:$D$1015/$E$16:$E$1015)*POWER(AD44/$E$16:$E$1015,$D$16:$D$1015-1)*EXP(-POWER(AD44/$E$16:$E$1015,$D$16:$D$1015)),0.5)} -> 1.7861435e-05 | AG44: {=_xlfn.PERCENTILE.INC(($D$16:$D$1015/$E$16:$E$1015)*POWER(AD44/$E$16:$E$1015,$D$16:$D$1015-1)*EXP(-POWER(AD44/$E$16:$E$1015,$D$16:$D$1015)),0.9)} -> 2.5138771e-05
A45: 30 | B45: =RAND() -> 0.65971206 | C45: =RAND() -> 0.12460413 | D45: {=_xlfn.SWITCH($B$4,"Normal MLE",EXP(_xlfn.NORM.INV(B45,LN($C$9),$E$9/$C$9)),"Uniforme",$B$9+($D$9-$B$9)*B45,"Triangular",IF(B45<=($C$9-$B$9)/($D$9-$B$9),$B$9+SQRT(B45*($D$9-$B$9)*($C$9-$B$9)),$D$9-SQRT((1-B45)*($D$9-$B$9)*($D$9-$C$9))),"PERT",_xlfn.BETA.INV(B45,1+$B$6*($C$9-$B$9)/($D$9-$B$9),1+$B$6*($D$9-$C$9)/($D$9-$B$9),$B$9,$D$9))} -> 2.0049655 | E45: {=_xlfn.SWITCH($B$4,"Normal MLE",EXP(_xlfn.NORM.INV(C45,LN($C$10),$E$10/$C$10)),"Uniforme",$B$10+($D$10-$B$10)*C45,"Triangular",IF(C45<=($C$10-$B$10)/($D$10-$B$10),$B$10+SQRT(C45*($D$10-$B$10)*($C$10-$B$10)),$D$10-SQRT((1-C45)*($D$10-$B$10)*($D$10-$C$10))),"PERT",_xlfn.BETA.INV(C45,1+$B$6*($C$10-$B$10)/($D$10-$B$10),1+$B$6*($D$10-$C$10)/($D$10-$B$10),$B$10,$D$10))} -> 4833.5265 | F45: =EXP(-POWER($B$12/E45,D45)) -> 0.50449325 | G45: =(D45/E45)*POWER($B$12/E45,D45-1)*EXP(-POWER($B$12/E45,D45)) -> 0.00017301584
A46: 31 | B46: =RAND() -> 0.92264217 | C46: =RAND() -> 0.67663178 | D46: {=_xlfn.SWITCH($B$4,"Normal MLE",EXP(_xlfn.NORM.INV(B46,LN($C$9),$E$9/$C$9)),"Uniforme",$B$9+($D$9-$B$9)*B46,"Triangular",IF(B46<=($C$9-$B$9)/($D$9-$B$9),$B$9+SQRT(B46*($D$9-$B$9)*($C$9-$B$9)),$D$9-SQRT((1-B46)*($D$9-$B$9)*($D$9-$C$9))),"PERT",_xlfn.BETA.INV(B46,1+$B$6*($C$9-$B$9)/($D$9-$B$9),1+$B$6*($D$9-$C$9)/($D$9-$B$9),$B$9,$D$9))} -> 2.1529708 | E46: {=_xlfn.SWITCH($B$4,"Normal MLE",EXP(_xlfn.NORM.INV(C46,LN($C$10),$E$10/$C$10)),"Uniforme",$B$10+($D$10-$B$10)*C46,"Triangular",IF(C46<=($C$10-$B$10)/($D$10-$B$10),$B$10+SQRT(C46*($D$10-$B$10)*($C$10-$B$10)),$D$10-SQRT((1-C46)*($D$10-$B$10)*($D$10-$C$10))),"PERT",_xlfn.BETA.INV(C46,1+$B$6*($C$10-$B$10)/($D$10-$B$10),1+$B$6*($D$10-$C$10)/($D$10-$B$10),$B$10,$D$10))} -> 5209.7054 | F46: =EXP(-POWER($B$12/E46,D46)) -> 0.5677008 | G46: =(D46/E46)*POWER($B$12/E46,D46-1)*EXP(-POWER($B$12/E46,D46)) -> 0.00017299654
A47: 32 | B47: =RAND() -> 0.029626819 | C47: =RAND() -> 0.57027568 | D47: {=_xlfn.SWITCH($B$4,"Normal MLE",EXP(_xlfn.NORM.INV(B47,LN($C$9),$E$9/$C$9)),"Uniforme",$B$9+($D$9-$B$9)*B47,"Triangular",IF(B47<=($C$9-$B$9)/($D$9-$B$9),$B$9+SQRT(B47*($D$9-$B$9)*($C$9-$B$9)),$D$9-SQRT((1-B47)*($D$9-$B$9)*($D$9-$C$9))),"PERT",_xlfn.BETA.INV(B47,1+$B$6*($C$9-$B$9)/($D$9-$B$9),1+$B$6*($D$9-$C$9)/($D$9-$B$9),$B$9,$D$9))} -> 1.7054074 | E47: {=_xlfn.SWITCH($B$4,"Normal MLE",EXP(_xlfn.NORM.INV(C47,LN($C$10),$E$10/$C$10)),"Uniforme",$B$10+($D$10-$B$10)*C47,"Triangular",IF(C47<=($C$10-$B$10)/($D$10-$B$10),$B$10+SQRT(C47*($D$10-$B$10)*($C$10-$B$10)),$D$10-SQRT((1-C47)*($D$10-$B$10)*($D$10-$C$10))),"PERT",_xlfn.BETA.INV(C47,1+$B$6*($C$10-$B$10)/($D$10-$B$10),1+$B$6*($D$10-$C$10)/($D$10-$B$10),$B$10,$D$10))} -> 5141.9723 | F47: =EXP(-POWER($B$12/E47,D47)) -> 0.5212029 | G47: =(D47/E47)*POWER($B$12/E47,D47-1)*EXP(-POWER($B$12/E47,D47)) -> 0.00014479936
A48: 33 | B48: =RAND() -> 0.01529755 | C48: =RAND() -> 0.89889599 | D48: {=_xlfn.SWITCH($B$4,"Normal MLE",EXP(_xlfn.NORM.INV(B48,LN($C$9),$E$9/$C$9)),"Uniforme",$B$9+($D$9-$B$9)*B48,"Triangular",IF(B48<=($C$9-$B$9)/($D$9-$B$9),$B$9+SQRT(B48*($D$9-$B$9)*($C$9-$B$9)),$D$9-SQRT((1-B48)*($D$9-$B$9)*($D$9-$C$9))),"PERT",_xlfn.BETA.INV(B48,1+$B$6*($C$9-$B$9)/($D$9-$B$9),1+$B$6*($D$9-$C$9)/($D$9-$B$9),$B$9,$D$9))} -> 1.6725824 | E48: {=_xlfn.SWITCH($B$4,"Normal MLE",EXP(_xlfn.NORM.INV(C48,LN($C$10),$E$10/$C$10)),"Uniforme",$B$10+($D$10-$B$10)*C48,"Triangular",IF(C48<=($C$10-$B$10)/($D$10-$B$10),$B$10+SQRT(C48*($D$10-$B$10)*($C$10-$B$10)),$D$10-SQRT((1-C48)*($D$10-$B$10)*($D$10-$C$10))),"PERT",_xlfn.BETA.INV(C48,1+$B$6*($C$10-$B$10)/($D$10-$B$10),1+$B$6*($D$10-$C$10)/($D$10-$B$10),$B$10,$D$10))} -> 5411.5803 | F48: =EXP(-POWER($B$12/E48,D48)) -> 0.54706689 | G48: =(D48/E48)*POWER($B$12/E48,D48-1)*EXP(-POWER($B$12/E48,D48)) -> 0.00013798056
A49: 34 | B49: =RAND() -> 0.95829106 | C49: =RAND() -> 0.99424636 | D49: {=_xlfn.SWITCH($B$4,"Normal MLE",EXP(_xlfn.NORM.INV(B49,LN($C$9),$E$9/$C$9)),"Uniforme",$B$9+($D$9-$B$9)*B49,"Triangular",IF(B49<=($C$9-$B$9)/($D$9-$B$9),$B$9+SQRT(B49*($D$9-$B$9)*($C$9-$B$9)),$D$9-SQRT((1-B49)*($D$9-$B$9)*($D$9-$C$9))),"PERT",_xlfn.BETA.INV(B49,1+$B$6*($C$9-$B$9)/($D$9-$B$9),1+$B$6*($D$9-$C$9)/($D$9-$B$9),$B$9,$D$9))} -> 2.2001956 | E49: {=_xlfn.SWITCH($B$4,"Normal MLE",EXP(_xlfn.NORM.INV(C49,LN($C$10),$E$10/$C$10)),"Uniforme",$B$10+($D$10-$B$10)*C49,"Triangular",IF(C49<=($C$10-$B$10)/($D$10-$B$10),$B$10+SQRT(C49*($D$10-$B$10)*($C$10-$B$10)),$D$10-SQRT((1-C49)*($D$10-$B$10)*($D$10-$C$10))),"PERT",_xlfn.BETA.INV(C49,1+$B$6*($C$10-$B$10)/($D$10-$B$10),1+$B$6*($D$10-$C$10)/($D$10-$B$10),$B$10,$D$10))} -> 5736.1276 | F49: =EXP(-POWER($B$12/E49,D49)) -> 0.63608815 | G49: =(D49/E49)*POWER($B$12/E49,D49-1)*EXP(-POWER($B$12/E49,D49)) -> 0.00015829187
A50: 35 | B50: =RAND() -> 0.12205492 | C50: =RAND() -> 0.53504508 | D50: {=_xlfn.SWITCH($B$4,"Normal MLE",EXP(_xlfn.NORM.INV(B50,LN($C$9),$E$9/$C$9)),"Uniforme",$B$9+($D$9-$B$9)*B50,"Triangular",IF(B50<=($C$9-$B$9)/($D$9-$B$9),$B$9+SQRT(B50*($D$9-$B$9)*($C$9-$B$9)),$D$9-SQRT((1-B50)*($D$9-$B$9)*($D$9-$C$9))),"PERT",_xlfn.BETA.INV(B50,1+$B$6*($C$9-$B$9)/($D$9-$B$9),1+$B$6*($D$9-$C$9)/($D$9-$B$9),$B$9,$D$9))} -> 1.794298 | E50: {=_xlfn.SWITCH($B$4,"Normal MLE",EXP(_xlfn.NORM.INV(C50,LN($C$10),$E$10/$C$10)),"Uniforme",$B$10+($D$10-$B$10)*C50,"Triangular",IF(C50<=($C$10-$B$10)/($D$10-$B$10),$B$10+SQRT(C50*($D$10-$B$10)*($C$10-$B$10)),$D$10-SQRT((1-C50)*($D$10-$B$10)*($D$10-$C$10))),"PERT",_xlfn.BETA.INV(C50,1+$B$6*($C$10-$B$10)/($D$10-$B$10),1+$B$6*($D$10-$C$10)/($D$10-$B$10),$B$10,$D$10))} -> 5120.6925 | F50: =EXP(-POWER($B$12/E50,D50)) -> 0.52624439 | G50: =(D50/E50)*POWER($B$12/E50,D50-1)*EXP(-POWER($B$12/E50,D50)) -> 0.00015154794
A51: 36 | B51: =RAND() -> 0.53324347 | C51: =RAND() -> 0.34766423 | D51: {=_xlfn.SWITCH($B$4,"Normal MLE",EXP(_xlfn.NORM.INV(B51,LN($C$9),$E$9/$C$9)),"Uniforme",$B$9+($D$9-$B$9)*B51,"Triangular",IF(B51<=($C$9-$B$9)/($D$9-$B$9),$B$9+SQRT(B51*($D$9-$B$9)*($C$9-$B$9)),$D$9-SQRT((1-B51)*($D$9-$B$9)*($D$9-$C$9))),"PERT",_xlfn.BETA.INV(B51,1+$B$6*($C$9-$B$9)/($D$9-$B$9),1+$B$6*($D$9-$C$9)/($D$9-$B$9),$B$9,$D$9))} -> 1.9591517 | E51: {=_xlfn.SWITCH($B$4,"Normal MLE",EXP(_xlfn.NORM.INV(C51,LN($C$10),$E$10/$C$10)),"Uniforme",$B$10+($D$10-$B$10)*C51,"Triangular",IF(C51<=($C$10-$B$10)/($D$10-$B$10),$B$10+SQRT(C51*($D$10-$B$10)*($C$10-$B$10)),$D$10-SQRT((1-C51)*($D$10-$B$10)*($D$10-$C$10))),"PERT",_xlfn.BETA.INV(C51,1+$B$6*($C$10-$B$10)/($D$10-$B$10),1+$B$6*($D$10-$C$10)/($D$10-$B$10),$B$10,$D$10))} -> 5007.6773 | F51: =EXP(-POWER($B$12/E51,D51)) -> 0.52522852 | G51: =(D51/E51)*POWER($B$12/E51,D51-1)*EXP(-POWER($B$12/E51,D51)) -> 0.00016564927
A52: 37 | B52: =RAND() -> 0.97279427 | C52: =RAND() -> 0.65234029 | D52: {=_xlfn.SWITCH($B$4,"Normal MLE",EXP(_xlfn.NORM.INV(B52,LN($C$9),$E$9/$C$9)),"Uniforme",$B$9+($D$9-$B$9)*B52,"Triangular",IF(B52<=($C$9-$B$9)/($D$9-$B$9),$B$9+SQRT(B52*($D$9-$B$9)*($C$9-$B$9)),$D$9-SQRT((1-B52)*($D$9-$B$9)*($D$9-$C$9))),"PERT",_xlfn.BETA.INV(B52,1+$B$6*($C$9-$B$9)/($D$9-$B$9),1+$B$6*($D$9-$C$9)/($D$9-$B$9),$B$9,$D$9))} -> 2.2302014 | E52: {=_xlfn.SWITCH($B$4,"Normal MLE",EXP(_xlfn.NORM.INV(C52,LN($C$10),$E$10/$C$10)),"Uniforme",$B$10+($D$10-$B$10)*C52,"Triangular",IF(C52<=($C$10-$B$10)/($D$10-$B$10),$B$10+SQRT(C52*($D$10-$B$10)*($C$10-$B$10)),$D$10-SQRT((1-C52)*($D$10-$B$10)*($D$10-$C$10))),"PERT",_xlfn.BETA.INV(C52,1+$B$6*($C$10-$B$10)/($D$10-$B$10),1+$B$6*($D$10-$C$10)/($D$10-$B$10),$B$10,$D$10))} -> 5193.5715 | F52: =EXP(-POWER($B$12/E52,D52)) -> 0.57202361 | G52: =(D52/E52)*POWER($B$12/E52,D52-1)*EXP(-POWER($B$12/E52,D52)) -> 0.00017814743
A53: 38 | B53: =RAND() -> 0.90738261 | C53: =RAND() -> 0.89334409 | D53: {=_xlfn.SWITCH($B$4,"Normal MLE",EXP(_xlfn.NORM.INV(B53,LN($C$9),$E$9/$C$9)),"Uniforme",$B$9+($D$9-$B$9)*B53,"Triangular",IF(B53<=($C$9-$B$9)/($D$9-$B$9),$B$9+SQRT(B53*($D$9-$B$9)*($C$9-$B$9)),$D$9-SQRT((1-B53)*($D$9-$B$9)*($D$9-$C$9))),"PERT",_xlfn.BETA.INV(B53,1+$B$6*($C$9-$B$9)/($D$9-$B$9),1+$B$6*($D$9-$C$9)/($D$9-$B$9),$B$9,$D$9))} -> 2.1381246 | E53: {=_xlfn.SWITCH($B$4,"Normal MLE",EXP(_xlfn.NORM.INV(C53,LN($C$10),$E$10/$C$10)),"Uniforme",$B$10+($D$10-$B$10)*C53,"Triangular",IF(C53<=($C$10-$B$10)/($D$10-$B$10),$B$10+SQRT(C53*($D$10-$B$10)*($C$10-$B$10)),$D$10-SQRT((1-C53)*($D$10-$B$10)*($D$10-$C$10))),"PERT",_xlfn.BETA.INV(C53,1+$B$6*($C$10-$B$10)/($D$10-$B$10),1+$B$6*($D$10-$C$10)/($D$10-$B$10),$B$10,$D$10))} -> 5403.8358 | F53: =EXP(-POWER($B$12/E53,D53)) -> 0.59118948 | G53: =(D53/E53)*POWER($B$12/E53,D53-1)*EXP(-POWER($B$12/E53,D53)) -> 0.00016610034
A54: 39 | B54: =RAND() -> 0.47658267 | C54: =RAND() -> 0.81308855 | D54: {=_xlfn.SWITCH($B$4,"Normal MLE",EXP(_xlfn.NORM.INV(B54,LN($C$9),$E$9/$C$9)),"Uniforme",$B$9+($D$9-$B$9)*B54,"Triangular",IF(B54<=($C$9-$B$9)/($D$9-$B$9),$B$9+SQRT(B54*($D$9-$B$9)*($C$9-$B$9)),$D$9-SQRT((1-B54)*($D$9-$B$9)*($D$9-$C$9))),"PERT",_xlfn.BETA.INV(B54,1+$B$6*($C$9-$B$9)/($D$9-$B$9),1+$B$6*($D$9-$C$9)/($D$9-$B$9),$B$9,$D$9))} -> 1.9396371 | E54: {=_xlfn.SWITCH($B$4,"Normal MLE",EXP(_xlfn.NORM.INV(C54,LN($C$10),$E$10/$C$10)),"Uniforme",$B$10+($D$10-$B$10)*C54,"Triangular",IF(C54<=($C$10-$B$10)/($D$10-$B$10),$B$10+SQRT(C54*($D$10-$B$10)*($C$10-$B$10)),$D$10-SQRT((1-C54)*($D$10-$B$10)*($D$10-$C$10))),"PERT",_xlfn.BETA.INV(C54,1+$B$6*($C$10-$B$10)/($D$10-$B$10),1+$B$6*($D$10-$C$10)/($D$10-$B$10),$B$10,$D$10))} -> 5315.2562 | F54: =EXP(-POWER($B$12/E54,D54)) -> 0.56206657 | G54: =(D54/E54)*POWER($B$12/E54,D54-1)*EXP(-POWER($B$12/E54,D54)) -> 0.00015702633
A55: 40 | B55: =RAND() -> 0.66324945 | C55: =RAND() -> 0.66934733 | D55: {=_xlfn.SWITCH($B$4,"Normal MLE",EXP(_xlfn.NORM.INV(B55,LN($C$9),$E$9/$C$9)),"Uniforme",$B$9+($D$9-$B$9)*B55,"Triangular",IF(B55<=($C$9-$B$9)/($D$9-$B$9),$B$9+SQRT(B55*($D$9-$B$9)*($C$9-$B$9)),$D$9-SQRT((1-B55)*($D$9-$B$9)*($D$9-$C$9))),"PERT",_xlfn.BETA.INV(B55,1+$B$6*($C$9-$B$9)/($D$9-$B$9),1+$B$6*($D$9-$C$9)/($D$9-$B$9),$B$9,$D$9))} -> 2.0063314 | E55: {=_xlfn.SWITCH($B$4,"Normal MLE",EXP(_xlfn.NORM.INV(C55,LN($C$10),$E$10/$C$10)),"Uniforme",$B$10+($D$10-$B$10)*C55,"Triangular",IF(C55<=($C$10-$B$10)/($D$10-$B$10),$B$10+SQRT(C55*($D$10-$B$10)*($C$10-$B$10)),$D$10-SQRT((1-C55)*($D$10-$B$10)*($D$10-$C$10))),"PERT",_xlfn.BETA.INV(C55,1+$B$6*($C$10-$B$10)/($D$10-$B$10),1+$B$6*($D$10-$C$10)/($D$10-$B$10),$B$10,$D$10))} -> 5204.8133 | F55: =EXP(-POWER($B$12/E55,D55)) -> 0.5545278 | G55: =(D55/E55)*POWER($B$12/E55,D55-1)*EXP(-POWER($B$12/E55,D55)) -> 0.00016400297
A56: 41 | B56: =RAND() -> 0.94261645 | C56: =RAND() -> 0.25751755 | D56: {=_xlfn.SWITCH($B$4,"Normal MLE",EXP(_xlfn.NORM.INV(B56,LN($C$9),$E$9/$C$9)),"Uniforme",$B$9+($D$9-$B$9)*B56,"Triangular",IF(B56<=($C$9-$B$9)/($D$9-$B$9),$B$9+SQRT(B56*($D$9-$B$9)*($C$9-$B$9)),$D$9-SQRT((1-B56)*($D$9-$B$9)*($D$9-$C$9))),"PERT",_xlfn.BETA.INV(B56,1+$B$6*($C$9-$B$9)/($D$9-$B$9),1+$B$6*($D$9-$C$9)/($D$9-$B$9),$B$9,$D$9))} -> 2.1764541 | E56: {=_xlfn.SWITCH($B$4,"Normal MLE",EXP(_xlfn.NORM.INV(C56,LN($C$10),$E$10/$C$10)),"Uniforme",$B$10+($D$10-$B$10)*C56,"Triangular",IF(C56<=($C$10-$B$10)/($D$10-$B$10),$B$10+SQRT(C56*($D$10-$B$10)*($C$10-$B$10)),$D$10-SQRT((1-C56)*($D$10-$B$10)*($D$10-$C$10))),"PERT",_xlfn.BETA.INV(C56,1+$B$6*($C$10-$B$10)/($D$10-$B$10),1+$B$6*($D$10-$C$10)/($D$10-$B$10),$B$10,$D$10))} -> 4947.5968 | F56: =EXP(-POWER($B$12/E56,D56)) -> 0.53282504 | G56: =(D56/E56)*POWER($B$12/E56,D56-1)*EXP(-POWER($B$12/E56,D56)) -> 0.00018252097
... A1015: 1000 | B1015: =RAND() -> 0.69550317 | C1015: =RAND() -> 0.16090208 | D1015: {=_xlfn.SWITCH($B$4,"Normal MLE",EXP(_xlfn.NORM.INV(B1015,LN($C$9),$E$9/$C$9)),"Uniforme",$B$9+($D$9-$B$9)*B1015,"Triangular",IF(B1015<=($C$9-$B$9)/($D$9-$B$9),$B$9+SQRT(B1015*($D$9-$B$9)*($C$9-$B$9)),$D$9-SQRT((1-B1015)*($D$9-$B$9)*($D$9-$C$9))),"PERT",_xlfn.BETA.INV(B1015,1+$B$6*($C$9-$B$9)/($D$9-$B$9),1+$B$6*($D$9-$C$9)/($D$9-$B$9),$B$9,$D$9))} -> 2.0191105 | E1015: {=_xlfn.SWITCH($B$4,"Normal MLE",EXP(_xlfn.NORM.INV(C1015,LN($C$10),$E$10/$C$10)),"Uniforme",$B$10+($D$10-$B$10)*C1015,"Triangular",IF(C1015<=($C$10-$B$10)/($D$10-$B$10),$B$10+SQRT(C1015*($D$10-$B$10)*($C$10-$B$10)),$D$10-SQRT((1-C1015)*($D$10-$B$10)*($D$10-$C$10))),"PERT",_xlfn.BETA.INV(C1015,1+$B$6*($C$10-$B$10)/($D$10-$B$10),1+$B$6*($D$10-$C$10)/($D$10-$B$10),$B$10,$D$10))} -> 4869.9926 | F1015: =EXP(-POWER($B$12/E1015,D1015)) -> 0.51063817 | G1015: =(D1015/E1015)*POWER($B$12/E1015,D1015-1)*EXP(-POWER($B$12/E1015,D1015)) -> 0.0001732381

Sheet Datos Aplicacion
A1: ID | B1: Tipo de equipo | C1: Tiempo observado t (h) | D1: Estado d (1=Falla, 0=Censurado) | E1: ln(t) | F1: Condicion | G1: Tiempo de reparacion (h)
A2: 1 | B2: Banco de capacitores | C2: 1829.1 | D2: 1 | E2: 7.5116 | F2: Falla prematura | G2: 7
A3: 2 | B3: Variador de velocidad | C3: 6000 | D3: 0 | E3: 8.6995 | F3: Censurado (sigue operando)
A4: 3 | B4: Banco de capacitores | C4: 726.7 | D4: 1 | E4: 6.5885 | F4: Falla prematura | G4: 4.6
A5: 4 | B5: Variador de velocidad | C5: 28 | D5: 1 | E5: 3.3322 | F5: Falla prematura | G5: 9.7
A6: 5 | B6: Banco de capacitores | C6: 292.4 | D6: 1 | E6: 5.6781 | F6: Falla prematura | G6: 7.8
A7: 6 | B7: Motor de induccion MT | C7: 6000 | D7: 0 | E7: 8.6995 | F7: Censurado (sigue operando)
A8: 7 | B8: Interruptor de potencia | C8: 6000 | D8: 0 | E8: 8.6995 | F8: Censurado (sigue operando)
A9: 8 | B9: Interruptor de potencia | C9: 50.8 | D9: 1 | E9: 3.9279 | F9: Falla prematura | G9: 11.9
A10: 9 | B10: Motor de induccion MT | C10: 771.4 | D10: 1 | E10: 6.6482 | F10: Falla prematura | G10: 4.3
A11: 10 | B11: Transformador de distribucion | C11: 6000 | D11: 0 | E11: 8.6995 | F11: Censurado (sigue operando)
A12: 11 | B12: Motor de induccion MT | C12: 5.9 | D12: 1 | E12: 1.775 | F12: Falla prematura | G12: 6.7
A13: 12 | B13: Banco de capacitores | C13: 6000 | D13: 0 | E13: 8.6995 | F13: Censurado (sigue operando)
A14: 13 | B14: Variador de velocidad | C14: 117.8 | D14: 1 | E14: 4.769 | F14: Falla prematura | G14: 17.5
A15: 14 | B15: Transformador de distribucion | C15: 2727.6 | D15: 1 | E15: 7.9112 | F15: Falla prematura | G15: 5.5
A16: 15 | B16: Interruptor de potencia | C16: 3635.7 | D16: 1 | E16: 8.1986 | F16: Falla prematura | G16: 5.5
A17: 16 | B17: Banco de capacitores | C17: 1529.1 | D17: 1 | E17: 7.3324 | F17: Falla prematura | G17: 7.5
A18: 17 | B18: Interruptor de potencia | C18: 415.7 | D18: 1 | E18: 6.03 | F18: Falla prematura | G18: 9
A19: 18 | B19: Banco de capacitores | C19: 450.9 | D19: 1 | E19: 6.1112 | F19: Falla prematura | G19: 5.4
A20: 19 | B20: Motor de induccion MT | C20: 2001.8 | D20: 1 | E20: 7.6018 | F20: Falla prematura | G20: 6.5
A21: 20 | B21: Interruptor de potencia | C21: 1378 | D21: 1 | E21: 7.2284 | F21: Falla prematura | G21: 15.5
A22: 21 | B22: Transformador de distribucion | C22: 6000 | D22: 0 | E22: 8.6995 | F22: Censurado (sigue operando)
A23: 22 | B23: Transformador de distribucion | C23: 3265.6 | D23: 1 | E23: 8.0912 | F23: Falla prematura | G23: 8.3
A24: 23 | B24: Interruptor de potencia | C24: 926.7 | D24: 1 | E24: 6.8316 | F24: Falla prematura | G24: 12.9
A25: 24 | B25: Variador de velocidad | C25: 6000 | D25: 0 | E25: 8.6995 | F25: Censurado (sigue operando)
A26: 25 | B26: Banco de capacitores | C26: 5516.4 | D26: 1 | E26: 8.6155 | F26: Falla prematura | G26: 13.4
A27: 26 | B27: Transformador de distribucion | C27: 5864.5 | D27: 1 | E27: 8.6767 | F27: Falla prematura | G27: 3.7
A28: 27 | B28: Interruptor de potencia | C28: 1338.6 | D28: 1 | E28: 7.1994 | F28: Falla prematura | G28: 3.9
A29: 28 | B29: Interruptor de potencia | C29: 1460.3 | D29: 1 | E29: 7.2864 | F29: Falla prematura | G29: 7.7
A30: 29 | B30: Interruptor de potencia | C30: 2698.2 | D30: 1 | E30: 7.9003 | F30: Falla prematura | G30: 2.7
A31: 30 | B31: Motor de induccion MT | C31: 6000 | D31: 0 | E31: 8.6995 | F31: Censurado (sigue operando)
A32: 31 | B32: Transformador de distribucion | C32: 4859.8 | D32: 1 | E32: 8.4888 | F32: Falla prematura | G32: 6.3
A33: 32 | B33: Interruptor de potencia | C33: 2958.2 | D33: 1 | E33: 7.9923 | F33: Falla prematura | G33: 16.2
A34: 33 | B34: Interruptor de potencia | C34: 3268.2 | D34: 1 | E34: 8.092 | F34: Falla prematura | G34: 7.1
A35: 34 | B35: Banco de capacitores | C35: 1505 | D35: 1 | E35: 7.3165 | F35: Falla prematura | G35: 7.4
A36: 35 | B36: Motor de induccion MT | C36: 6000 | D36: 0 | E36: 8.6995 | F36: Censurado (sigue operando)
A37: 36 | B37: Variador de velocidad | C37: 6000 | D37: 0 | E37: 8.6995 | F37: Censurado (sigue operando)
A38: 37 | B38: Transformador de distribucion | C38: 6000 | D38: 0 | E38: 8.6995 | F38: Censurado (sigue operando)
A39: 38 | B39: Banco de capacitores | C39: 598.5 | D39: 1 | E39: 6.3944 | F39: Falla prematura | G39: 10.5
A40: 39 | B40: Motor de induccion MT | C40: 2597 | D40: 1 | E40: 7.8621 | F40: Falla prematura | G40: 20.2
A41: 40 | B41: Variador de velocidad | C41: 925.2 | D41: 1 | E41: 6.83 | F41: Falla prematura | G41: 14.9
A42: 41 | B42: Motor de induccion MT | C42: 4140.5 | D42: 1 | E42: 8.3286 | F42: Falla prematura | G42: 5.1
A43: 42 | B43: Transformador de distribucion | C43: 5555.6 | D43: 1 | E43: 8.6226 | F43: Falla prematura | G43: 4.6
A44: 43 | B44: Motor de induccion MT | C44: 1831.1 | D44: 1 | E44: 7.5127 | F44: Falla prematura | G44: 7
A45: 44 | B45: Interruptor de potencia | C45: 1.9 | D45: 1 | E45: 0.6419 | F45: Falla prematura | G45: 10.1
A46: 45 | B46: Banco de capacitores | C46: 3292.1 | D46: 1 | E46: 8.0993 | F46: Falla prematura | G46: 5.3
A47: 46 | B47: Interruptor de potencia | C47: 1696.7 | D47: 1 | E47: 7.4364 | F47: Falla prematura | G47: 6.1
A48: 47 | B48: Variador de velocidad | C48: 6000 | D48: 0 | E48: 8.6995 | F48: Censurado (sigue operando)
A49: 48 | B49: Banco de capacitores | C49: 2450.2 | D49: 1 | E49: 7.8039 | F49: Falla prematura | G49: 7.9
A50: 49 | B50: Motor de induccion MT | C50: 142.3 | D50: 1 | E50: 4.9579 | F50: Falla prematura | G50: 3.8
A51: 50 | B51: Motor de induccion MT | C51: 790.4 | D51: 1 | E51: 6.6725 | F51: Falla prematura | G51: 5.3
A52: 51 | B52: Interruptor de potencia | C52: 450.9 | D52: 1 | E52: 6.1112 | F52: Falla prematura | G52: 6.8
A53: 52 | B53: Interruptor de potencia | C53: 5680.9 | D53: 1 | E53: 8.6449 | F53: Falla prematura | G53: 15.2
A54: 53 | B54: Transformador de distribucion | C54: 6000 | D54: 0 | E54: 8.6995 | F54: Censurado (sigue operando)
A55: 54 | B55: Transformador de distribucion | C55: 33.1 | D55: 1 | E55: 3.4995 | F55: Falla prematura | G55: 9.5
A56: 55 | B56: Transformador de distribucion | C56: 6000 | D56: 0 | E56: 8.6995 | F56: Censurado (sigue operando)
A57: 56 | B57: Transformador de distribucion | C57: 3987.4 | D57: 1 | E57: 8.2909 | F57: Falla prematura | G57: 6
A58: 57 | B58: Motor de induccion MT | C58: 1610.8 | D58: 1 | E58: 7.3845 | F58: Falla prematura | G58: 6
A59: 58 | B59: Banco de capacitores | C59: 1053.9 | D59: 1 | E59: 6.9603 | F59: Falla prematura | G59: 7.7
A60: 59 | B60: Variador de velocidad | C60: 6000 | D60: 0 | E60: 8.6995 | F60: Censurado (sigue operando)
A61: 60 | B61: Banco de capacitores | C61: 6000 | D61: 0 | E61: 8.6995 | F61: Censurado (sigue operando)
A62: 61 | B62: Interruptor de potencia | C62: 117.8 | D62: 1 | E62: 4.769 | F62: Falla prematura | G62: 15.7
A63: 62 | B63: Banco de capacitores | C63: 1723.2 | D63: 1 | E63: 7.4519 | F63: Falla prematura | G63: 7.1
A64: 63 | B64: Motor de induccion MT | C64: 332.4 | D64: 1 | E64: 5.8063 | F64: Falla prematura | G64: 9.6
A65: 64 | B65: Transformador de distribucion | C65: 2457.4 | D65: 1 | E65: 7.8069 | F65: Falla prematura | G65: 23.1
A66: 65 | B66: Transformador de distribucion | C66: 1710.1 | D66: 1 | E66: 7.4443 | F66: Falla prematura | G66: 5.5
A67: 66 | B67: Motor de induccion MT | C67: 1679 | D67: 1 | E67: 7.426 | F67: Falla prematura | G67: 3.6
A68: 67 | B68: Banco de capacitores | C68: 6000 | D68: 0 | E68: 8.6995 | F68: Censurado (sigue operando)
A69: 68 | B69: Banco de capacitores | C69: 4267.9 | D69: 1 | E69: 8.3589 | F69: Falla prematura | G69: 13.5
A70: 69 | B70: Motor de induccion MT | C70: 6000 | D70: 0 | E70: 8.6995 | F70: Censurado (sigue operando)
A71: 70 | B71: Variador de velocidad | C71: 455.6 | D71: 1 | E71: 6.1216 | F71: Falla prematura | G71: 8.3
A72: 71 | B72: Transformador de distribucion | C72: 53.5 | D72: 1 | E72: 3.9797 | F72: Falla prematura | G72: 5.1
A73: 72 | B73: Variador de velocidad | C73: 1573.6 | D73: 1 | E73: 7.3611 | F73: Falla prematura | G73: 12.4
A74: 73 | B74: Variador de velocidad | C74: 765.7 | D74: 1 | E74: 6.6408 | F74: Falla prematura | G74: 4.4
A75: 74 | B75: Motor de induccion MT | C75: 5209.9 | D75: 1 | E75: 8.5583 | F75: Falla prematura | G75: 3.6
A76: 75 | B76: Banco de capacitores | C76: 5850.6 | D76: 1 | E76: 8.6743 | F76: Falla prematura | G76: 4.3
A77: 76 | B77: Variador de velocidad | C77: 6000 | D77: 0 | E77: 8.6995 | F77: Censurado (sigue operando)
A78: 77 | B78: Variador de velocidad | C78: 1730 | D78: 1 | E78: 7.4559 | F78: Falla prematura | G78: 9.8
A79: 78 | B79: Variador de velocidad | C79: 6000 | D79: 0 | E79: 8.6995 | F79: Censurado (sigue operando)
A80: 79 | B80: Transformador de distribucion | C80: 6000 | D80: 0 | E80: 8.6995 | F80: Censurado (sigue operando)
A81: 80 | B81: Interruptor de potencia | C81: 6000 | D81: 0 | E81: 8.6995 | F81: Censurado (sigue operando)
A82: 81 | B82: Variador de velocidad | C82: 6000 | D82: 0 | E82: 8.6995 | F82: Censurado (sigue operando)
A83: 82 | B83: Banco de capacitores | C83: 6000 | D83: 0 | E83: 8.6995 | F83: Censurado (sigue operando)
A84: 83 | B84: Variador de velocidad | C84: 2240.4 | D84: 1 | E84: 7.7144 | F84: Falla prematura | G84: 5.3
A85: 84 | B85: Interruptor de potencia | C85: 4582.2 | D85: 1 | E85: 8.4299 | F85: Falla prematura | G85: 3.6
A86: 85 | B86: Motor de induccion MT | C86: 469.1 | D86: 1 | E86: 6.1508 | F86: Falla prematura | G86: 10
A87: 86 | B87: Motor de induccion MT | C87: 6000 | D87: 0 | E87: 8.6995 | F87: Censurado (sigue operando)
A88: 87 | B88: Interruptor de potencia | C88: 6000 | D88: 0 | E88: 8.6995 | F88: Censurado (sigue operando)
A89: 88 | B89: Banco de capacitores | C89: 3517.5 | D89: 1 | E89: 8.1655 | F89: Falla prematura | G89: 10.6
A90: 89 | B90: Transformador de distribucion | C90: 1175.5 | D90: 1 | E90: 7.0694 | F90: Falla prematura | G90: 8.7
A91: 90 | B91: Banco de capacitores | C91: 559.2 | D91: 1 | E91: 6.3265 | F91: Falla prematura | G91: 3.9
A92: 91 | B92: Interruptor de potencia | C92: 6000 | D92: 0 | E92: 8.6995 | F92: Censurado (sigue operando)
A93: 92 | B93: Banco de capacitores | C93: 6000 | D93: 0 | E93: 8.6995 | F93: Censurado (sigue operando)
A94: 93 | B94: Motor de induccion MT | C94: 186 | D94: 1 | E94: 5.2257 | F94: Falla prematura | G94: 7.7
A95: 94 | B95: Banco de capacitores | C95: 1444.3 | D95: 1 | E95: 7.2754 | F95: Falla prematura | G95: 12.7
A96: 95 | B96: Banco de capacitores | C96: 2214.5 | D96: 1 | E96: 7.7028 | F96: Falla prematura | G96: 12.8
A97: 96 | B97: Motor de induccion MT | C97: 6000 | D97: 0 | E97: 8.6995 | F97: Censurado (sigue operando)
A98: 97 | B98: Banco de capacitores | C98: 6000 | D98: 0 | E98: 8.6995 | F98: Censurado (sigue operando)
A99: 98 | B99: Transformador de distribucion | C99: 9.2 | D99: 1 | E99: 2.2192 | F99: Falla prematura | G99: 6
A100: 99 | B100: Transformador de distribucion | C100: 6000 | D100: 0 | E100: 8.6995 | F100: Censurado (sigue operando)
...
